"","b0","b1","deviance","sig"
"1",0.099051438366887,-0.450265815371789,13607.3519789441,0.930716165261459
"2",0.101031770471197,-0.412167267557994,13606.3468364801,0.941872824339921
"3",0.100934401972297,-0.4175484027014,13605.4538824006,0.930087772308566
"4",0.0996460998765335,-0.425546292890671,13604.2313718569,0.936465349287338
"5",0.098356327310953,-0.431605199647192,13607.4234265341,0.925105384166072
"6",0.0995329494724825,-0.434353081075524,13604.8993959758,0.942458300831465
"7",0.0977376399488581,-0.424352564949384,13608.112085254,0.929128361263385
"8",0.101197400194373,-0.430342517646363,13604.8785109053,0.930518704394122
"9",0.0987800816352249,-0.424184429360236,13611.3022042213,0.913341408484082
"10",0.100923183119498,-0.423970770562272,13605.518709056,0.926384629003011
"11",0.0993192257237129,-0.445966657155361,13606.1842300698,0.930661100508551
"12",0.10204915825766,-0.425515778391795,13607.5246851111,0.947350506039285
"13",0.0973561414448065,-0.417504952777241,13609.2895823858,0.931900759893787
"14",0.096317306208307,-0.442421329490364,13614.4269882719,0.93320515854247
"15",0.0989172266095813,-0.444319442862217,13606.2139976129,0.937801273826171
"16",0.100356829248639,-0.43047893099125,13604.3876266416,0.930093471824047
"17",0.101687186968312,-0.433330987653832,13606.543835075,0.946616611284258
"18",0.101575921919872,-0.407948580468694,13607.7633540076,0.940431566443774
"19",0.100264421559558,-0.429836738045934,13604.6455191772,0.943321639072115
"20",0.100246827488208,-0.432294844365172,13606.4814592253,0.92136040162535
"21",0.100108908831668,-0.409205815189738,13607.881894583,0.923004213352645
"22",0.100582417308113,-0.424723070748706,13604.8217827675,0.928524353572905
"23",0.100634664732441,-0.432531317169805,13608.4422104265,0.955496626951454
"24",0.0997007558504571,-0.405718009136675,13606.6708602384,0.935235186295288
"25",0.101580356252819,-0.410080164942737,13609.1660038768,0.922863884577402
"26",0.100423551397372,-0.412292476971928,13605.4549514715,0.935714802229372
"27",0.101985103180949,-0.439807590096752,13606.7581598341,0.943695698645414
"28",0.102022839087064,-0.433935854183781,13607.5736408499,0.923874614759919
"29",0.10103328545617,-0.432484626132309,13605.4436163984,0.945408851659296
"30",0.100457887945581,-0.454577314275394,13607.5694241506,0.928403842127442
"31",0.103823390904844,-0.442549878946282,13611.9225274641,0.930626559087041
"32",0.0982455444002039,-0.425427112122212,13606.9770482346,0.927936052340908
"33",0.100161447725008,-0.420503162611341,13604.5478328941,0.939691323547337
"34",0.100982492336684,-0.442915275374577,13605.3398360565,0.931013196947366
"35",0.0965896923251207,-0.402630180672424,13614.320891639,0.941490237770318
"36",0.100115534473337,-0.421712938150577,13604.5606050821,0.930881755448332
"37",0.097653893808675,-0.426413135277954,13608.0125165631,0.940758640728754
"38",0.0997326793440226,-0.434256527757601,13604.3331174781,0.938471831018005
"39",0.100221135269694,-0.415317606240486,13608.9172958015,0.917564786874382
"40",0.0989700682914746,-0.420154686374798,13606.1230263829,0.945091049409782
"41",0.0976912069671822,-0.417049860494072,13608.3821059647,0.931102014172676
"42",0.100703949826048,-0.408090246408272,13606.4243240036,0.934605217584587
"43",0.0976573346374724,-0.422949646981805,13608.321853534,0.942779557754678
"44",0.100541743884878,-0.425419893843648,13604.1954242468,0.93761897409304
"45",0.0986262743204468,-0.422876328500204,13605.715522102,0.939884598617204
"46",0.100521885179955,-0.434502275150432,13604.2215804377,0.933352372832786
"47",0.101568085346744,-0.421513572769568,13609.5659847994,0.917325502099412
"48",0.0988604262579305,-0.427112541996632,13605.0425128902,0.936726521337397
"49",0.101891198631105,-0.430287098479192,13606.7394125513,0.926004372017485
"50",0.101631846476604,-0.436455249929057,13607.0388132784,0.948447479380175
"51",0.10021805644166,-0.413823957772338,13607.7667408707,0.920993808256407
"52",0.100438146668744,-0.415249426858705,13605.0202721119,0.936281854713492
"53",0.0995054029910795,-0.430850904043486,13604.5098307755,0.931488901322719
"54",0.101451768814043,-0.379308766133672,13617.7735283948,0.943457125009612
"55",0.10028299670159,-0.448582947513847,13605.6968966392,0.934585551899736
"56",0.0979476730050589,-0.431870233420161,13607.1328396916,0.93342311752586
"57",0.100229071720812,-0.43012603555853,13604.2515003621,0.931102677682931
"58",0.0992557848033341,-0.456226177939208,13608.1508255295,0.934171061771192
"59",0.0979297433462532,-0.442910995781517,13608.1791069236,0.936327334450621
"60",0.100132751751872,-0.44408585385536,13605.317578579,0.941168383707969
"61",0.101816579437186,-0.417297490662956,13607.4775819446,0.945895287063307
"62",0.0998760464434333,-0.457178975502872,13608.8185249696,0.94599870259347
"63",0.0996435799962722,-0.419555112590005,13606.6889091853,0.949532044199685
"64",0.100781252962029,-0.421553423210597,13604.7378287526,0.931631156199547
"65",0.101764509100154,-0.408451530973387,13607.9503511007,0.939832594230471
"66",0.0991074013070964,-0.433377691430338,13605.7520711458,0.926834380539225
"67",0.0996414161431903,-0.418693759708626,13604.6642352428,0.935502441212075
"68",0.100056441179968,-0.396932734711809,13614.4454652345,0.91470859271645
"69",0.0994419067159307,-0.407425183760382,13608.6746817315,0.922201364310083
"70",0.100753226216766,-0.442609351517106,13604.9311987367,0.93774971183654
"71",0.100483930954906,-0.402372407480609,13608.2316720729,0.928553373546911
"72",0.0982059861308843,-0.419824428013866,13606.5755412302,0.934697937322817
"73",0.10042643240097,-0.444299915947652,13605.6251667451,0.94325163714381
"74",0.097166605399575,-0.426648384513317,13610.548301383,0.946476762191773
"75",0.0994723625182812,-0.433343445931211,13604.4040269224,0.936298469750201
"76",0.0997788047713385,-0.424105545683126,13604.221155605,0.934995709141378
"77",0.0996545460928257,-0.422756546738688,13609.153717454,0.915710034221648
"78",0.0977496019182755,-0.426198691275659,13607.4997634837,0.937119371020414
"79",0.0992532022652148,-0.420753647507699,13605.4749626414,0.928171020015089
"80",0.101669922482468,-0.439558686953853,13606.0886050322,0.928944519869459
"81",0.100292247123484,-0.418994974711031,13609.7885985325,0.957631450074763
"82",0.101810007729132,-0.406266982040697,13610.791368097,0.921848418777319
"83",0.0999349782258051,-0.414312719405753,13605.1065051383,0.934291188674344
"84",0.0994444240607477,-0.459045863737509,13608.8472535711,0.94060021516683
"85",0.100850171400889,-0.429598464622509,13606.6195992869,0.950389400836668
"86",0.100413500939359,-0.453315278670161,13607.2987118387,0.928300751933426
"87",0.100489125961502,-0.415242177045325,13605.7260646222,0.943639504911988
"88",0.100965183340635,-0.434974645857981,13604.5286976483,0.932759024061783
"89",0.102139098181248,-0.4656578144701,13612.6237007947,0.946682881367306
"90",0.100396426381218,-0.454468008253659,13607.1230546048,0.931326275368707
"91",0.10001292029901,-0.447805147773439,13606.2429914195,0.943391704692599
"92",0.100115653532198,-0.436992741820769,13604.3350813436,0.938231611726155
"93",0.0999152617072439,-0.409976982320113,13607.9902044707,0.950011290955502
"94",0.0993629649209356,-0.412109918695783,13606.5190860968,0.944612116030679
"95",0.0986836096320551,-0.4247577660913,13605.4758913188,0.938999812651192
"96",0.10100715791885,-0.435150927445651,13604.6040718404,0.939324840525617
"97",0.0992767769003678,-0.433405755650725,13607.0412542629,0.950600037389875
"98",0.101233883362891,-0.406481651959812,13607.4126009754,0.933442373952835
"99",0.100018927773312,-0.395527845589582,13609.5444068073,0.940418605778546
"100",0.0989159802001213,-0.425639809794036,13605.0461952235,0.938381812861415
"101",0.0986560452251053,-0.44706836816202,13608.4750461382,0.947077099869994
"102",0.0987602380335782,-0.463839568601097,13611.2778049023,0.938729709032016
"103",0.101138838738654,-0.444423341203451,13605.3821311772,0.936350211661046
"104",0.0988411483497655,-0.385577107715881,13613.5895789041,0.933126377675358
"105",0.101291447145067,-0.423266277094212,13604.9279302507,0.936431125608487
"106",0.0972032404736541,-0.4234902367233,13609.5723471872,0.941388778806013
"107",0.0990998803538886,-0.423961769888124,13605.5761014051,0.944232388790175
"108",0.0989685751797057,-0.409608571011074,13606.4967080271,0.934497420482207
"109",0.102123298707131,-0.416246149332283,13612.9451381468,0.914058926919255
"110",0.098330524879052,-0.402504502983426,13609.5386071318,0.928861909753602
"111",0.103345590130832,-0.433087646700355,13609.8078974003,0.930451278619248
"112",0.101962047221868,-0.441852622730252,13606.2542174189,0.934155536848068
"113",0.0994920522415459,-0.455365424607128,13608.7616782557,0.946283299713041
"114",0.101095898183537,-0.44127939087409,13605.0246171647,0.937805738363053
"115",0.100340881548722,-0.429046771074421,13605.0701722895,0.92624715692904
"116",0.10121140957381,-0.455324815479342,13609.7884524613,0.950701620094523
"117",0.0997580972642863,-0.425630039020628,13604.614646131,0.942088560040184
"118",0.100221000915312,-0.442732549933765,13604.8737557632,0.933432617304271
"119",0.10108937613565,-0.44603618098575,13605.5579275262,0.935764180452315
"120",0.0985976105585707,-0.403912107204982,13609.8751029703,0.948662319429957
"121",0.100614546359035,-0.407168345591382,13606.7408146493,0.931718050001822
"122",0.09965260343069,-0.417982509843341,13607.48794561,0.951560576088323
"123",0.103003618020128,-0.422364752248832,13611.5199680606,0.921064262856265
"124",0.103107508059685,-0.417880829042535,13609.7069845853,0.937994192607845
"125",0.097163720862269,-0.418120467521946,13609.7591615822,0.939006220936118
"126",0.102255805701409,-0.437863661705197,13606.5349981588,0.937679253670678
"127",0.099295702080741,-0.406626810680783,13607.304037126,0.943318246134888
"128",0.103113870619707,-0.429590591634341,13608.7283733619,0.937658221644246
"129",0.101995428525506,-0.437350691071528,13606.6620547906,0.928078727363966
"130",0.100919093027912,-0.442379160521601,13607.2603885686,0.92188525034687
"131",0.102603019493206,-0.442253545994449,13607.940983562,0.941184554375802
"132",0.101076315493144,-0.462480312099844,13610.5722466837,0.925371364506474
"133",0.0981206422151396,-0.428763962475544,13607.2549056096,0.928027651148635
"134",0.101469972284589,-0.404205236222214,13608.7628991617,0.929447855147688
"135",0.100233553108234,-0.413805392087133,13605.1623194844,0.936414521121997
"136",0.101189190906698,-0.40452561342489,13608.2429559306,0.92947150538801
"137",0.101596318078369,-0.414667273214807,13607.3549547527,0.945451814582954
"138",0.0976900376036836,-0.41199202382588,13609.0377713569,0.941955620575604
"139",0.0996724292548998,-0.427099745330972,13604.533513094,0.930212431864467
"140",0.099840058652748,-0.414161380963967,13605.5153298843,0.94179128971695
"141",0.0974817823634453,-0.42059709770731,13608.5410825985,0.938869965634445
"142",0.100266169300046,-0.39677380871423,13609.3148472262,0.931295425439937
"143",0.100658445657998,-0.449865879635171,13607.0095980943,0.926403474206051
"144",0.101837090271538,-0.457486118023631,13610.4739045237,0.948914467540187
"145",0.102704961170845,-0.443360053700224,13609.8751263839,0.923568584620305
"146",0.101396822051601,-0.423740763075694,13609.2478880387,0.95535660573735
"147",0.0978590275314548,-0.426374361321913,13607.2691286597,0.938865581713777
"148",0.101408167673208,-0.40455246767315,13614.3134583149,0.960004125064862
"149",0.0994567251628099,-0.43856338515994,13605.7321822509,0.945076767981072
"150",0.102009267903925,-0.449082968048201,13607.5093096043,0.940934415046315
"151",0.101155289209086,-0.434100821102166,13605.2628921943,0.928068830723262
"152",0.098134300665591,-0.430960063795223,13606.8970463911,0.930424326880058
"153",0.0986412698588002,-0.436007804023886,13605.909212158,0.931846367111755
"154",0.0995683936366672,-0.409159470558245,13606.047239308,0.937180774308859
"155",0.0993422384841813,-0.420573259380738,13607.216341759,0.92127956779038
"156",0.101226640684809,-0.441193219544223,13605.1007256761,0.936347177727464
"157",0.10124945548778,-0.431111098611624,13608.5205258954,0.954585198771071
"158",0.100905430396991,-0.408891672489483,13609.6782503031,0.953095346894401
"159",0.102318637616882,-0.436471684011737,13608.1160160901,0.924542757709163
"160",0.101017523135094,-0.395934289778237,13612.322591844,0.950943931808932
"161",0.100776143505279,-0.45974569616486,13608.4139738488,0.939885493303093
"162",0.100282429855065,-0.435869455886697,13611.0960941627,0.911780027096539
"163",0.101062194774236,-0.405680962689376,13614.9028562852,0.962433610530775
"164",0.102000901046949,-0.435628973852552,13606.2374596719,0.93032967579178
"165",0.10099062915151,-0.442056020317263,13605.4106767688,0.942049840025126
"166",0.101817709049295,-0.43857420052075,13605.8876725851,0.940070112086595
"167",0.100488935013506,-0.435904825842352,13605.2086501799,0.945178177788175
"168",0.0978667589847901,-0.426944782767453,13607.3684562542,0.93179552043161
"169",0.103946608638884,-0.42100033006694,13612.4775980243,0.933840130749634
"170",0.10065035303128,-0.449930948633715,13606.0622233824,0.932893971487573
"171",0.100142177319558,-0.41964977878835,13604.45487074,0.936473368695917
"172",0.0994286694842522,-0.418529954414016,13604.8992905825,0.938519156550431
"173",0.101815020078852,-0.414834124500179,13609.48529528,0.920716562570382
"174",0.100637118704818,-0.424570598799568,13604.3819428709,0.939282435261025
"175",0.100391210277778,-0.447998776478922,13605.5747439074,0.936568084681863
"176",0.0988166463092262,-0.422891872696129,13606.3306966302,0.926131994153033
"177",0.100539751347664,-0.426598373187412,13604.535409221,0.941879657555276
"178",0.100736005086034,-0.413141989170659,13606.4738339623,0.926812203309591
"179",0.103794924831119,-0.429139438001626,13611.879892279,0.944561927425907
"180",0.0982889035306423,-0.424472807320633,13606.2789555208,0.939358454021668
"181",0.101248442719117,-0.450023327933358,13606.3490263657,0.935578154815919
"182",0.101426279651492,-0.42663906069074,13604.937423098,0.937083225369685
"183",0.10174869318273,-0.455355239047527,13609.2867258315,0.946705082867823
"184",0.0992580414066279,-0.427128882849147,13605.164595165,0.9283502752986
"185",0.0994992933420592,-0.428491010345203,13604.7381816066,0.942154447299623
"186",0.0997131533615128,-0.4096751407743,13605.8750671786,0.935606171067941
"187",0.0997793151276194,-0.445052288965086,13605.7652566343,0.942347206762248
"188",0.100096934266142,-0.421924729339033,13604.302189524,0.934024766917906
"189",0.0986081777620244,-0.436092712673201,13606.1520401229,0.941611198456208
"190",0.0995400633304575,-0.426302428481925,13604.7248010409,0.929581670560086
"191",0.0976614458626111,-0.436184691435429,13610.3550750457,0.922535938859183
"192",0.102110965299228,-0.418003662486105,13609.3327660836,0.921652501764674
"193",0.0981504594708998,-0.411338031239482,13607.6911838915,0.933314178406083
"194",0.0974679450799862,-0.443118497867138,13610.4073003994,0.944477505835139
"195",0.101329000992195,-0.438400880319758,13605.5621322233,0.943055662530589
"196",0.0989085901964325,-0.40290555509726,13608.6278749351,0.928281306163389
"197",0.101144072926626,-0.411403570442986,13606.4708959735,0.931282581813501
"198",0.100848477651637,-0.420023225409624,13604.7318721358,0.936744722481953
"199",0.0983643867749979,-0.451131251357351,13609.5970810011,0.926788812479734
"200",0.0984828660169709,-0.384722841603643,13615.4780809864,0.947133550957858
"201",0.0982152440319272,-0.424094151194292,13612.9725498653,0.912429312874554
"202",0.0996225406113314,-0.429756588175901,13604.6914291446,0.942421518717763
"203",0.0990607923341254,-0.420649514542413,13605.6005220383,0.943069969374612
"204",0.101435616639854,-0.402893478412594,13610.3824509309,0.949090367857101
"205",0.0995673142615633,-0.414530461527448,13605.19864222,0.934606151276788
"206",0.0990153584032293,-0.440371913394488,13605.497869587,0.935684487512504
"207",0.100919816745568,-0.45475523219929,13607.6283791894,0.943114836121294
"208",0.100633071179867,-0.436503502845343,13604.2998300175,0.936295735909931
"209",0.100690470028776,-0.434980038589205,13604.2463222917,0.936373907923192
"210",0.0994441068649312,-0.445062201753851,13605.6564180302,0.938540657294842
"211",0.0997538522632533,-0.420853637836422,13615.1127693512,0.90611391691928
"212",0.102115930913323,-0.468058830575956,13612.2820294779,0.939315468851495
"213",0.101366674516361,-0.417161730555372,13605.9317629123,0.941064946364788
"214",0.0975908485834659,-0.425987034783558,13608.4170818548,0.942484189537394
"215",0.10187039860562,-0.439146195994867,13605.823498017,0.93595511348993
"216",0.10143870259282,-0.456511330822772,13607.9537392191,0.938272060830787
"217",0.0996064796203535,-0.444915687275495,13605.7975667947,0.941803905989795
"218",0.100349456015587,-0.428536657731358,13604.0406743627,0.937246984578307
"219",0.0998608818027941,-0.426301462735776,13604.1014751799,0.935771001072958
"220",0.102570510846637,-0.456276156821484,13616.7278764421,0.912261987424751
"221",0.101423776975553,-0.419464952448783,13606.8332006125,0.925013560662418
"222",0.098916305733655,-0.442293388637836,13605.9284539316,0.934104533036449
"223",0.101166482936242,-0.40219017830918,13610.042777055,0.923958171665206
"224",0.101056596477064,-0.438945055315814,13605.0623710412,0.930554164669364
"225",0.102039820931333,-0.431835907042146,13605.8936522916,0.934605518340676
"226",0.0985693051939169,-0.432747334829713,13606.4035675515,0.927892194947958
"227",0.100515630682184,-0.419750821176802,13604.5332526245,0.935795264154749
"228",0.0970550082772746,-0.423663588784523,13610.3928116417,0.929202778587663
"229",0.100475579634238,-0.423067123426419,13608.4203054066,0.955168851749806
"230",0.10048705579398,-0.425650876903082,13604.3051744659,0.939749112625066
"231",0.0987263075684835,-0.395315750712422,13610.2873520158,0.933392279605384
"232",0.102007388230782,-0.423014293045325,13606.2085199874,0.933718448558233
"233",0.101657784883491,-0.452343500953013,13609.2643676095,0.923036341303626
"234",0.10534459772708,-0.419513567410985,13623.1876962291,0.919211951025118
"235",0.0993185246448412,-0.41510427729674,13608.4353305746,0.919569808693456
"236",0.100908760003181,-0.417258774011261,13605.8368287636,0.927794735129255
"237",0.101174626080725,-0.437404639903111,13605.7300360319,0.945202947497775
"238",0.102079169722249,-0.434404702617251,13606.5581908711,0.943046608325333
"239",0.101244497630609,-0.442347556888722,13605.764379012,0.929142991007522
"240",0.0984122886460329,-0.422211506731845,13606.6857139486,0.928135445688909
"241",0.0994434232972808,-0.412130498651096,13607.6136291075,0.949309512488735
"242",0.100265191962971,-0.432275601307407,13606.4470493598,0.950463581985725
"243",0.100265575324641,-0.402198448798168,13607.9923982113,0.942639109015454
"244",0.100705626338094,-0.434215974922023,13604.538773722,0.930533678274156
"245",0.100376707958933,-0.420440648856445,13604.754982776,0.930421454455763
"246",0.0997240275507377,-0.440421591995593,13608.7615928543,0.95487889591027
"247",0.098587322537812,-0.439594370084517,13606.1831142762,0.937435650335631
"248",0.0988498827078961,-0.4286623304458,13606.5037983282,0.924725345193705
"249",0.0996902222620993,-0.425710660220246,13604.9755288412,0.927610804352943
"250",0.099771143784779,-0.414719707113782,13605.0628337442,0.936178140286831
"251",0.100726954146404,-0.408539175229306,13606.4684032018,0.932518144323397
"252",0.100839751274496,-0.453015652520737,13606.7739491845,0.939440340943743
"253",0.100662935848941,-0.455651661782404,13607.173149819,0.936513315414094
"254",0.0992488654738044,-0.444155955773746,13608.9140064827,0.919360262812913
"255",0.10109400902301,-0.415546445097389,13606.2803720462,0.927696286477619
"256",0.100488527960083,-0.414592759980517,13606.4167245169,0.925401140296009
"257",0.100644659056995,-0.411859739715167,13606.2860917995,0.928536745999937
"258",0.102372052259719,-0.44136080315076,13608.0845787721,0.945794939895121
"259",0.097702748325533,-0.42618374524917,13608.8266348147,0.946440144017443
"260",0.0976967035307745,-0.405919885817407,13613.3507778923,0.954558418365605
"261",0.0980022615293572,-0.438598304461286,13607.4259982542,0.936538403705866
"262",0.100011416305432,-0.433416565240701,13604.0961357913,0.935909814863384
"263",0.101131278214472,-0.436427138601689,13606.1339055526,0.947355680425268
"264",0.100700181404886,-0.432513941940541,13607.750860433,0.918388927616467
"265",0.10260702983101,-0.41423716545132,13612.4277937398,0.954516374107798
"266",0.100928751274182,-0.415860434517957,13605.3130277728,0.937697582527655
"267",0.100316063885253,-0.438535915377869,13605.2569168426,0.927092275952148
"268",0.0993807938911345,-0.428481628100785,13609.4020484832,0.915285059436113
"269",0.0994385093900816,-0.403016036873206,13607.5143531722,0.939235087629547
"270",0.100066353394899,-0.416200570397567,13606.3846706429,0.924294449319626
"271",0.101571686702509,-0.442208805065136,13605.7586224019,0.932463463471774
"272",0.0998512421876235,-0.419708989985248,13605.2647548418,0.927625710293412
"273",0.099104580649655,-0.425985308620083,13604.7972325069,0.93311598810007
"274",0.101378136309599,-0.421663510349933,13605.4883584409,0.930607605090797
"275",0.100695350336493,-0.417015046799034,13606.0301483695,0.945716811631591
"276",0.101335512575692,-0.442559778808036,13606.2852076883,0.944957071462253
"277",0.0997322493376904,-0.44064904251043,13604.7572390049,0.936246030539315
"278",0.100044366537736,-0.402740642976652,13607.6139707212,0.941174706417144
"279",0.100151718808632,-0.456828184629602,13607.633717214,0.932529343128634
"280",0.0995789807454148,-0.413851792180128,13605.8304476429,0.928922669282
"281",0.101066336649971,-0.420617802181202,13604.8766858877,0.935342583567572
"282",0.09974328330553,-0.437913301451594,13606.8345213677,0.950300856051404
"283",0.101494471622205,-0.435037031007622,13605.2954363388,0.940912828352876
"284",0.0962134397379334,-0.429362525425926,13616.4985037222,0.920601845534154
"285",0.0995064573732411,-0.432980883649139,13604.35685617,0.935786449310715
"286",0.103051353378647,-0.427618348680385,13608.6131203897,0.93781434660256
"287",0.100262433477777,-0.409481384075698,13606.6275863136,0.944017807527218
"288",0.101791934431067,-0.440060473370328,13606.0065400064,0.940595870171733
"289",0.100081261585064,-0.419385269891215,13604.6305191281,0.932139364112474
"290",0.0995047321636205,-0.438016054233859,13608.2166179973,0.918546372962821
"291",0.1008713476589,-0.425586347130773,13604.6964764271,0.930358348054115
"292",0.0978982396694603,-0.421702976306192,13607.9550128493,0.928004730224003
"293",0.0995251766075957,-0.421289616694978,13605.431635976,0.944801636173119
"294",0.102127418830912,-0.424624451857507,13607.4591074837,0.946174127133374
"295",0.100946464306562,-0.429838470982927,13606.3860491073,0.922513832098696
"296",0.0982013350479734,-0.443955426464795,13607.7745003112,0.932356677526456
"297",0.0991042731576053,-0.428188638201462,13604.7733581336,0.938578825519002
"298",0.0991343710422614,-0.447994115542224,13606.9573062992,0.942651483187365
"299",0.0980060385663572,-0.465763785103523,13613.7884244364,0.93625836003056
"300",0.0988180361760838,-0.421495390461607,13605.3053511119,0.936970428760296
"301",0.0988618756255661,-0.434534145486433,13605.4977898655,0.940765525976365
"302",0.100197377655732,-0.419192634797405,13605.1912858081,0.9280955260325
"303",0.101315787190006,-0.400713068043672,13608.9419589908,0.937770852244645
"304",0.0986893757366882,-0.423589364326871,13605.429202529,0.934199628919416
"305",0.102785899476676,-0.431255705529131,13608.1848615095,0.942758372282651
"306",0.101048100174816,-0.430216372599576,13606.1249111792,0.923682280541949
"307",0.0994350962698003,-0.424905166502442,13604.4207428748,0.934439942763707
"308",0.101226613544882,-0.420209414081554,13607.3531632899,0.950062899676924
"309",0.100461027033813,-0.423152025833488,13604.7460409523,0.9292190329579
"310",0.100308732158102,-0.442955336165386,13605.2861858663,0.942201979234477
"311",0.0985262101246641,-0.448676155894717,13607.9087963836,0.940574095243507
"312",0.100111984968486,-0.441216180192811,13604.7465768013,0.93875633495093
"313",0.100912455048935,-0.404341825644245,13607.4401707605,0.935513118236517
"314",0.100919486731509,-0.445543004291048,13605.4007888381,0.937735024715674
"315",0.099436347487798,-0.408081656081437,13611.1472089883,0.915829641767486
"316",0.101163009760308,-0.447003871846718,13605.7728819096,0.936761253686832
"317",0.101219273950419,-0.406961531051238,13607.2047041202,0.935945827275301
"318",0.10117551431121,-0.430668761447913,13605.1513155675,0.928500646682742
"319",0.102997120167236,-0.433316772892168,13608.3565811681,0.933894591337319
"320",0.101204617488958,-0.435221295054007,13606.2105901071,0.947589009072829
"321",0.0998722674314528,-0.413374282561537,13605.4112022793,0.931855311296895
"322",0.0995879275242708,-0.415104059702776,13605.8228676432,0.927959114954613
"323",0.100614120987365,-0.43620552789292,13604.3484041305,0.933218833843083
"324",0.0992339679536006,-0.440451610453969,13605.3432594313,0.932448600888216
"325",0.100729642885016,-0.405308531190692,13608.1273194289,0.945910983579738
"326",0.102874121140609,-0.421861745320296,13608.6718412728,0.931926822021018
"327",0.101098998449015,-0.431179264294353,13604.6598767139,0.940108138861
"328",0.102522273920769,-0.421043964620899,13608.4447261234,0.927334032625383
"329",0.0991930014938816,-0.42016470282992,13609.3308599952,0.955856954678461
"330",0.101144534748922,-0.427581435029532,13605.6249868298,0.926174815079532
"331",0.0997201812479226,-0.421084959469807,13605.7820000141,0.946801548147174
"332",0.101066344275283,-0.430130769798474,13605.2292014321,0.927461551834525
"333",0.100790444615784,-0.432600308732682,13606.7328874474,0.9507861916907
"334",0.0986893771683825,-0.443404792490726,13606.5743875991,0.939335654390393
"335",0.0999969088394359,-0.426561419636302,13604.1425280496,0.933045974460083
"336",0.101107773044963,-0.434685034588579,13605.6193681798,0.926191922064294
"337",0.100307333006264,-0.421733884503744,13604.4426692373,0.939373875516595
"338",0.101276912763107,-0.427991815222867,13605.8213718943,0.925950468298332
"339",0.100418619239605,-0.478534766480376,13616.8065930756,0.924740137416412
"340",0.101515906038106,-0.460203108119778,13611.9360606429,0.920278589271101
"341",0.0992076241021425,-0.424329455709699,13604.6415594502,0.936124431972974
"342",0.0984366618055989,-0.428456189442855,13606.7294913888,0.945022027059514
"343",0.0979592672576716,-0.448834306201847,13609.2425921481,0.939244580523668
"344",0.0989945105944085,-0.454374977662373,13608.4670513976,0.942290238997578
"345",0.0998675468947105,-0.430686618674715,13604.2874369073,0.940129110622117
"346",0.102185607175159,-0.436338364912278,13607.3353971596,0.926459483708819
"347",0.100182541020907,-0.435120372282337,13604.2420009992,0.932867398073167
"348",0.0993174858967506,-0.427520751447012,13605.3619131756,0.944799641880098
"349",0.09915976025628,-0.418408013190285,13605.0817841219,0.935539130674439
"350",0.101889684318308,-0.437472386187074,13605.7813126183,0.937576251276792
"351",0.100221702682532,-0.435079794734635,13605.335586517,0.946084294267633
"352",0.0992567964350733,-0.428885736601226,13604.513452822,0.935197579593459
"353",0.0992935977810807,-0.446219416346792,13607.4512433288,0.947569158479979
"354",0.100041586311626,-0.432017529701949,13604.346348595,0.94092367170289
"355",0.0987091013088487,-0.417506976418072,13607.3881297022,0.924211592864467
"356",0.0998827625186296,-0.439738136590027,13604.5853622274,0.936753429884592
"357",0.0980733175188794,-0.417631490331732,13607.4754961006,0.929899542585815
"358",0.100617276357118,-0.435325187966285,13604.3287678722,0.932805368548744
"359",0.100848086437057,-0.419908952471189,13604.9136906229,0.939819296138663
"360",0.101530249960413,-0.410761171271305,13607.2764762188,0.941788056677289
"361",0.101249252832036,-0.430746428333614,13606.9796777547,0.921648455153751
"362",0.0995605817596105,-0.410965983664174,13609.6171457028,0.954666083046036
"363",0.0994303082662899,-0.429841438295083,13605.7433829415,0.924872544583741
"364",0.101323573090223,-0.415467708633903,13606.6524670785,0.927384938451144
"365",0.0985550359341895,-0.408416820168583,13607.5839504938,0.941200822849401
"366",0.0991933911695969,-0.445992868470434,13607.0937412106,0.926395453662454
"367",0.101390521200346,-0.437269461580119,13605.8261415997,0.944530854018065
"368",0.0994790733105025,-0.440824197295153,13605.3743812939,0.941758129893806
"369",0.101597258104341,-0.401699906658829,13609.1247884502,0.936869401401409
"370",0.0996387591465744,-0.431171836866478,13604.3219976708,0.939030670770597
"371",0.0992604350765986,-0.434518262165975,13604.6812852417,0.935100413506703
"372",0.101308135855614,-0.429701296848751,13609.8339933529,0.957411973226721
"373",0.0982211956901029,-0.443526521293082,13607.4962913303,0.936067700039128
"374",0.102838450396385,-0.449507217467598,13609.1755705413,0.936045866890192
"375",0.101047605301553,-0.427642997267012,13604.4909796634,0.938003721718036
"376",0.0973486882477469,-0.426073322248174,13609.1339316546,0.942108500339994
"377",0.0991271704454732,-0.408715297413483,13607.5151859866,0.945710356264791
"378",0.0994900376249411,-0.437343334812947,13605.5165395486,0.944672560384191
"379",0.0993421508881068,-0.429626954597941,13610.5817282329,0.913127499070368
"380",0.0999553627189283,-0.423469656513602,13604.7773392301,0.928674824458518
"381",0.0989126604882947,-0.453841554355022,13608.0540906361,0.936740313531509
"382",0.10107301635077,-0.464600723679464,13609.8378272984,0.9360478988998
"383",0.0993683573941332,-0.423928738828064,13606.8819030658,0.95041926103454
"384",0.101283670608637,-0.444664718186836,13605.5771145953,0.937374372901675
"385",0.101306843654696,-0.433449675292993,13604.7221879262,0.936750563434844
"386",0.099091997691249,-0.434259912314119,13606.4978511676,0.924072757769568
"387",0.101629234027598,-0.415294368984477,13608.8496609056,0.951068963586177
"388",0.0974905478281781,-0.405553361556963,13610.3044735679,0.936009727382366
"389",0.101342548371932,-0.434643731466986,13606.0088022954,0.946234019241875
"390",0.0998082787998635,-0.443564121527345,13605.140217464,0.933276202579142
"391",0.100109878758263,-0.410225405176615,13605.7717850853,0.933914911155369
"392",0.10032023519922,-0.428248871707956,13604.9979804266,0.926595937851447
"393",0.10038412318102,-0.434897077179878,13604.2002779144,0.933487460808211
"394",0.103018736027318,-0.447531237248174,13609.511277117,0.939588393924962
"395",0.0997064303250507,-0.408982099988075,13606.3822842914,0.930241767462314
"396",0.0987010046691043,-0.434478212031818,13605.8789485943,0.941693139185664
"397",0.0999229780557954,-0.429381846020528,13607.7416898881,0.918110664327184
"398",0.100932244238215,-0.417656835564538,13605.3498042464,0.940995749453844
"399",0.098958920560925,-0.431974959142561,13609.2079979684,0.955445252294961
"400",0.100932665160902,-0.435295062403923,13605.4850413803,0.926217034521208
"401",0.0982277781123784,-0.443559813605212,13607.4872287215,0.935655963052034
"402",0.0996882000582907,-0.469166450691518,13611.6942619981,0.937224522971969
"403",0.100737354560492,-0.426791088227127,13604.2222496211,0.936788018756856
"404",0.101619820962496,-0.418445106467347,13606.1026631882,0.931468380567342
"405",0.100085425109865,-0.420276977063078,13604.4457303979,0.933698057024256
"406",0.10070933111165,-0.434395836900912,13608.0412751045,0.917861624114637
"407",0.101642787669537,-0.433771654284711,13607.3252549017,0.949699419456227
"408",0.101188458335223,-0.437425200198867,13605.6418917091,0.927124922341661
"409",0.0996839449717564,-0.414684403484697,13605.2595225176,0.939609617797586
"410",0.0986953775636533,-0.416310283231699,13606.0042192785,0.933249439693624
"411",0.100644396546433,-0.44047572864842,13606.4180445534,0.948500751127074
"412",0.100530374625923,-0.449879031433377,13606.5404502169,0.928632136632495
"413",0.099636910674961,-0.424294337751384,13605.8062604284,0.92438109080521
"414",0.100725972396183,-0.449674725093933,13606.0725877737,0.932469926836518
"415",0.101502668219629,-0.435123634924471,13605.8933070907,0.927214907943957
"416",0.0978459231037214,-0.418980570269481,13607.7390908736,0.931574496275066
"417",0.0990762961437138,-0.412151176944444,13607.4089983626,0.947403663902055
"418",0.100863671739695,-0.449480964994504,13606.1913658622,0.931491443696765
"419",0.100162360217761,-0.422412429216039,13604.7460022788,0.942520348998494
"420",0.101549779052336,-0.429629049684736,13606.451946932,0.924811436627852
"421",0.0993663614284371,-0.429061775534733,13605.0344383183,0.928409642485971
"422",0.101242773646204,-0.440041371992673,13606.1710591994,0.94601807553659
"423",0.100244298323345,-0.424223310532743,13604.702371554,0.942871492057329
"424",0.100003470938796,-0.417204516874182,13607.395345334,0.951355758696843
"425",0.0982894562791086,-0.428510081664973,13607.602810884,0.94747034441744
"426",0.100350469071124,-0.457954115874438,13607.7487315231,0.937365654257761
"427",0.0982873683111381,-0.433946811295241,13608.6030962569,0.950280178089467
"428",0.100138602018159,-0.435841392124234,13605.5825554477,0.924881172101037
"429",0.0994825103776934,-0.438890245982119,13604.7751980373,0.935852331408745
"430",0.100003458378961,-0.426733984255479,13604.0509048525,0.93586885140139
"431",0.098213329291552,-0.41967569897958,13606.9632412189,0.930039290478066
"432",0.101714995924279,-0.43261354918673,13605.4880360167,0.940153886671172
"433",0.100243856518825,-0.436677431770999,13604.2954894027,0.933456422537773
"434",0.102715151684749,-0.417003851549739,13608.8994441619,0.930964531163213
"435",0.100513508230201,-0.434180514869464,13604.1437263142,0.936531666149036
"436",0.100183127673142,-0.428552367671577,13605.0112447596,0.92647512895003
"437",0.0985974120941951,-0.402916674179315,13608.6826212654,0.941626754492912
"438",0.100991035566949,-0.413351721896895,13605.8499012949,0.932434510142794
"439",0.102967693039997,-0.391258690350348,13616.3989951926,0.941205471862287
"440",0.100912931598488,-0.43699552257476,13604.5152578739,0.937391686253593
"441",0.102830508041859,-0.435091474523116,13609.582079089,0.948601594337499
"442",0.101999393623458,-0.451171736083275,13609.8032381171,0.922371583698872
"443",0.102443344101076,-0.437341863874561,13607.7681877247,0.944777813031892
"444",0.0995560201281307,-0.438564262256825,13605.0629064565,0.941642165665463
"445",0.0996056272612269,-0.439476950416584,13604.9177251538,0.939942932789443
"446",0.100151016784028,-0.428802812134795,13605.0623815492,0.92624033421908
"447",0.100291862589152,-0.452202718659291,13606.397373252,0.934630482162406
"448",0.0994852269626563,-0.414813474314702,13606.4134863965,0.925670783445989
"449",0.0972718224525347,-0.431070387614198,13612.2096425129,0.920060294862514
"450",0.101269751441391,-0.428532652649645,13604.9698024648,0.941069162033478
"451",0.0984056033972258,-0.437871426249556,13606.5448235994,0.940005176203591
"452",0.10174591775432,-0.45221291391886,13607.856039671,0.942646827137147
"453",0.0982358227197889,-0.419016646067614,13606.5525262357,0.936602220106517
"454",0.0986151097528783,-0.444770866925998,13608.6458732915,0.948851484794271
"455",0.100735796791445,-0.419931864211863,13605.1318179507,0.92935562264409
"456",0.0997509480026897,-0.420235645144513,13605.1366901823,0.943463562610262
"457",0.101709598245274,-0.422203146447715,13606.0117164968,0.94160593464245
"458",0.0992781659901357,-0.424039738407586,13604.5914421331,0.934728967875573
"459",0.0988292531939862,-0.433403040189964,13605.3190940076,0.938876739489634
"460",0.0990517796017707,-0.442920501930573,13605.7824173586,0.934624767360111
"461",0.0980768595125231,-0.451470664020752,13609.3948302415,0.937448718787311
"462",0.100547118291125,-0.421750059873928,13604.4618007072,0.933094476956609
"463",0.100296953490204,-0.42868817533445,13608.5526324199,0.916225185465025
"464",0.100048352536035,-0.422921736804617,13606.4734598428,0.950023646274581
"465",0.0998907429826027,-0.421194921334567,13604.995556917,0.943348288685705
"466",0.0989974774450907,-0.448306513726959,13608.9518305528,0.950137846270681
"467",0.100402325945201,-0.432934198722242,13608.0846604842,0.917381183237126
"468",0.100826129262729,-0.404894758717399,13609.1333617144,0.923294335895266
"469",0.100994031782365,-0.431352071346554,13613.0536683323,0.964018341592587
"470",0.101867758037643,-0.428854783020311,13605.8513831338,0.931001287132801
"471",0.0999283494021403,-0.42207360560334,13604.280685363,0.936178165830745
"472",0.0984640148837396,-0.408873340127088,13608.0118294514,0.943643159481072
"473",0.0992938725056551,-0.442420119899821,13606.013015207,0.928478746882985
"474",0.100829251278311,-0.418655736007276,13606.3872770255,0.947556218459648
"475",0.0982160529970363,-0.415983176363432,13606.888830229,0.937368811612169
"476",0.100505813355416,-0.408541638233303,13607.5282068224,0.946934075705231
"477",0.100608597360571,-0.420115006244173,13605.0991518053,0.942801829954091
"478",0.0987859686935564,-0.435352472667224,13608.0924371488,0.920815117267868
"479",0.0963196683292346,-0.407830181679908,13614.2884799091,0.938684881139216
"480",0.099352124383827,-0.423672537386603,13605.2870160118,0.944041620503272
"481",0.100335499459169,-0.430669383634176,13606.3406794768,0.921711760748831
"482",0.0996349544932785,-0.419513214472317,13605.1032176216,0.929191651943578
"483",0.100903558244916,-0.439399587237061,13604.6646741417,0.936679327372044
"484",0.0996133611610521,-0.429687236404869,13604.6883347067,0.929293726454775
"485",0.101652245937332,-0.434096198848738,13605.2807735389,0.933391275230458
"486",0.101161110569472,-0.413563208407544,13606.0137340277,0.932436593520146
"487",0.0996023655787486,-0.438011043641051,13604.8587448039,0.940657157133153
"488",0.101304903465904,-0.443809926934559,13609.8689225975,0.916668101355834
"489",0.100183657845382,-0.451521929526389,13606.4750407465,0.940369357305463
"490",0.0993726889592296,-0.441613114144478,13605.1810127965,0.935997807470771
"491",0.0992175596673869,-0.42014159038079,13608.110035775,0.919307821999594
"492",0.100103450395031,-0.430769222134173,13604.8001389783,0.944123059368206
"493",0.100168992843405,-0.43090017916673,13604.8254915167,0.944278805682718
"494",0.100685004674559,-0.453152824611921,13606.6190887997,0.935117352588415
"495",0.0988165963803558,-0.393646400263727,13610.5983232166,0.937235912272567
"496",0.100393025904766,-0.423880351616966,13604.2159564875,0.937583576214545
"497",0.0995542289269809,-0.430010136197628,13604.4085949794,0.932014685245729
"498",0.0987682320254368,-0.420889492704743,13605.50208199,0.933042661898785
"499",0.101338481283052,-0.424190361043425,13605.2954646883,0.941567663238863
"500",0.0996916434186306,-0.424241374267298,13605.1245618872,0.944591399022254
"501",0.0997274287366856,-0.418959858563218,13606.2377976,0.947911366800376
"502",0.0992141116921693,-0.422988869623424,13604.7598819097,0.933428035033863
"503",0.0982371480407136,-0.424962239468481,13606.2546915365,0.935470981275794
"504",0.100167312876903,-0.439932066100602,13605.9639521786,0.947202586996199
"505",0.101871093591443,-0.412001527876164,13607.7299128166,0.942181594940074
"506",0.100165292891785,-0.430339442145662,13604.1589812984,0.939490490405876
"507",0.101530098995583,-0.438208662802327,13605.5450810209,0.930597541793014
"508",0.0995320917260381,-0.432953448146987,13604.3534442108,0.937085721831332
"509",0.0998667608160484,-0.437534874381059,13604.6794700629,0.940865005463606
"510",0.100717243091069,-0.420424473050354,13604.6040755871,0.937088350775835
"511",0.100693286576866,-0.422342897382466,13605.5165881511,0.926096229680068
"512",0.0999490170837163,-0.44290284458709,13605.7358747121,0.927403375503046
"513",0.100346536140435,-0.417926333223512,13608.8861730193,0.955356420126944
"514",0.100225175270216,-0.429977995595066,13605.3115408817,0.946567542704976
"515",0.103360338040039,-0.447761582778036,13610.6457818697,0.940308427378659
"516",0.0983935232699379,-0.414948155417119,13606.8806828692,0.931218294040496
"517",0.102119673616591,-0.425771744543082,13606.2229684085,0.937332903811311
"518",0.0995100409147725,-0.427512015463996,13604.6880965412,0.941807767920435
"519",0.100915935879927,-0.413981189043772,13606.3651339759,0.944487278914096
"520",0.0994368780819855,-0.431465951211088,13604.4503195897,0.933135116629657
"521",0.0975511520571231,-0.435990916789527,13608.5608111005,0.938437885647389
"522",0.101779584186876,-0.435902394068297,13605.5494334728,0.933463965484923
"523",0.100383733174107,-0.424038372052079,13604.8265944933,0.943411391618713
"524",0.101801058614658,-0.411315493062297,13607.4782406041,0.93207219551185
"525",0.0997769097497539,-0.43849237890082,13604.5167787066,0.936161178653902
"526",0.0981445197306648,-0.449048279945635,13609.6845795435,0.926903179344029
"527",0.0997484237657181,-0.412746265079161,13605.4640724681,0.939038632253904
"528",0.102491398922577,-0.451293640574019,13609.1560587376,0.929343418136736
"529",0.101085360058631,-0.435146348668877,13605.2097243831,0.943549475510753
"530",0.100218491408007,-0.421252715407753,13605.0755996744,0.92774705739588
"531",0.098534598234755,-0.413950573155718,13608.2442075413,0.94856782623722
"532",0.101404789361581,-0.425754788681161,13605.0760539728,0.932292968915979
"533",0.103470557636771,-0.410698051739926,13612.9826636195,0.94481986077755
"534",0.100421109020676,-0.433530292568558,13604.121765115,0.934102544586626
"535",0.100973534848247,-0.434177403073727,13604.3969525559,0.935842114702588
"536",0.0991356480460522,-0.412310314681522,13609.4756219137,0.918439238760064
"537",0.101418513254974,-0.467162681142329,13612.9848429812,0.949896447223611
"538",0.100565252525097,-0.426599569563728,13604.9125983548,0.927557984730335
"539",0.101257077072593,-0.449978571439329,13606.5773564203,0.940484054380319
"540",0.100747831291887,-0.439481085405799,13604.7400872939,0.931987073295265
"541",0.100259138116969,-0.432677855013091,13605.9394539593,0.948774340484595
"542",0.0992341365244672,-0.426968481778654,13604.6501750917,0.938883580369216
"543",0.10101251694784,-0.411833334542657,13606.3219044787,0.94140065215884
"544",0.103259173416892,-0.426108601521443,13613.1315848005,0.954734570330529
"545",0.10032945431455,-0.453992935758411,13606.9677907922,0.940272595503059
"546",0.0979752685188877,-0.411267015907434,13608.0296049556,0.935213309442495
"547",0.100390611010976,-0.41378176383905,13608.3635326049,0.919550210051125
"548",0.102135838507613,-0.456496150777332,13609.1156647637,0.940218472270542
"549",0.0993384979721499,-0.438028084351155,13604.8583584995,0.934656428598942
"550",0.102145681369795,-0.448746407258103,13607.4678252377,0.937562545598719
"551",0.0990797119897548,-0.42701149363197,13606.5755767022,0.923291023611993
"552",0.0998878810369964,-0.412039422360255,13605.8253449181,0.941836758253335
"553",0.101044809282151,-0.429741492175822,13604.5536980184,0.932138637946583
"554",0.101211290022096,-0.451726908691084,13608.8738596573,0.92221771521633
"555",0.0999472878705742,-0.432682211369622,13605.8601899399,0.923498364499562
"556",0.099695797994824,-0.439965669956721,13605.4143817743,0.928048962527016
"557",0.101585018186158,-0.43309623016873,13605.1200903242,0.934064633281904
"558",0.0995249678032903,-0.427892780718982,13604.334222107,0.938303264128912
"559",0.103034331926398,-0.451208722980208,13610.8325347034,0.927887259788372
"560",0.102408652269724,-0.43439841938784,13606.7532610928,0.937789907400059
"561",0.0995314070109668,-0.393393148696798,13611.6273068648,0.948017877385497
"562",0.100240291885638,-0.449705431197628,13609.0457918264,0.919602235000804
"563",0.103737951954729,-0.436970278625417,13612.185186722,0.947178526531099
"564",0.0992295552049306,-0.416759740112423,13605.2383056742,0.938251842595883
"565",0.100527064578925,-0.43166285696583,13604.0879456008,0.93699967189667
"566",0.0993810285819282,-0.418712349756808,13604.9534750461,0.932703468845808
"567",0.0996922289582556,-0.422300003504084,13608.652982107,0.955493742641375
"568",0.0998362277985096,-0.421410988140389,13604.5863339872,0.940346882904621
"569",0.102857407398479,-0.433667101556708,13607.9064399001,0.934849855586846
"570",0.0980616621083301,-0.458105991427595,13611.1757887223,0.938328055909768
"571",0.10121494509792,-0.410557907944335,13606.8239374602,0.930419582977567
"572",0.100038507839699,-0.438728275166013,13604.4920880735,0.938282786441394
"573",0.100848418822212,-0.463626299279961,13611.1546974908,0.948707990640008
"574",0.0990021137072246,-0.450065552432986,13611.0736154317,0.955073284462067
"575",0.100091692586437,-0.436224931949309,13604.3771367759,0.939499233004764
"576",0.0994801162373449,-0.448429693107089,13607.4185363874,0.925383127514565
"577",0.0996310625945088,-0.404183651705738,13607.0650563921,0.93435749119967
"578",0.100628209392589,-0.431389201287268,13608.1106926964,0.91741989673834
"579",0.0976275172541989,-0.430455530461936,13608.7542099349,0.9276617267803
"580",0.0990915966977289,-0.415786747608109,13607.1590776774,0.948307684918725
"581",0.100074948670922,-0.439085804185079,13607.0707705277,0.951141778416653
"582",0.0974146541657157,-0.435767192119472,13608.9846340042,0.934153743627881
"583",0.0996364163105245,-0.435707327746489,13604.4596898278,0.933457993512039
"584",0.100106180898976,-0.45123795120179,13606.3432999735,0.939254679464697
"585",0.0995402374576724,-0.405630342066366,13614.1306552621,0.911232542154371
"586",0.0995361399927249,-0.416698612072914,13605.6326426534,0.928100978289364
"587",0.101949483351339,-0.465937667179456,13611.4121626728,0.932369654442222
"588",0.100481710063785,-0.456153174598112,13610.9102377496,0.918538078403316
"589",0.100828661459048,-0.408542539748769,13606.5112443932,0.938862693116379
"590",0.0975991553449029,-0.427163633679997,13607.9753032113,0.934274651119797
"591",0.100267498913401,-0.455221873293233,13607.0584844056,0.935982717725105
"592",0.0998389772031731,-0.43904737815583,13605.2576615593,0.927924665677135
"593",0.100985933017353,-0.426806162325106,13604.4502150253,0.937837947303459
"594",0.0989354606807444,-0.412935165008054,13609.0520806128,0.919859846782045
"595",0.0992264529720935,-0.412212850122267,13607.2350131775,0.947351754730756
"596",0.100510755792677,-0.419232084664165,13604.5878242036,0.936575292537756
"597",0.0990403597265277,-0.395131410622649,13609.8864603826,0.937278247105333
"598",0.1030452064574,-0.435354016763444,13608.530671847,0.93397036978145
"599",0.097778336917428,-0.431569991079233,13612.0309892226,0.95629585308887
"600",0.10200247912154,-0.42389139552204,13606.1684006894,0.938850088965161
"601",0.100196260644183,-0.452264044274284,13606.4403946523,0.937692895820376
"602",0.098558498724025,-0.444487623094669,13609.0179951482,0.922535880551769
"603",0.103121730254213,-0.442019308924704,13609.4619027108,0.930472731202241
"604",0.10102168882922,-0.434011483552531,13604.4571347246,0.93728596821167
"605",0.100340005712743,-0.367194213158397,13624.0669112725,0.924878486445781
"606",0.0996023533211329,-0.450321032450373,13607.6255962564,0.925554538851881
"607",0.100740722628493,-0.425818619904351,13604.2483523416,0.935612439288435
"608",0.101950586626016,-0.472663836795215,13615.1438317112,0.925144673996718
"609",0.102747111288709,-0.410504415413084,13609.8197136935,0.937424044279073
"610",0.102386165300531,-0.454987110729613,13609.1470731636,0.938244143263564
"611",0.0984746696177099,-0.440195487781863,13606.5475076983,0.938755529700521
"612",0.0998756170211112,-0.422439262267668,13605.5244069743,0.946348269797622
"613",0.100849223479698,-0.432307236656074,13605.923107667,0.923859931657919
"614",0.0964995294015942,-0.438542376190459,13612.8721355113,0.936907588515192
"615",0.101248156845484,-0.459934123538907,13608.7965709142,0.931961612375635
"616",0.10000311899802,-0.421266472357789,13604.3898768101,0.938233603604572
"617",0.0996773459969534,-0.428119392627007,13604.6806461599,0.929076780386486
"618",0.098577458799581,-0.404825113727377,13607.9890553294,0.934374185750812
"619",0.100289599676786,-0.421782898336258,13604.2923008758,0.935337718080941
"620",0.101166482202692,-0.438751971646499,13605.1186195366,0.940924682237578
"621",0.0996251174856786,-0.428132961862901,13604.1897915577,0.935916467482002
"622",0.0988418164544237,-0.418872165761925,13611.6183342638,0.959576907663533
"623",0.0998248520813204,-0.421136179126278,13604.4541245925,0.933192999275834
"624",0.100557719019722,-0.428416392073717,13606.1306918373,0.922572499620487
"625",0.100877189273724,-0.437266183380658,13604.9652592239,0.929346602926308
"626",0.100649196954054,-0.446577727996439,13609.0451193532,0.954044193368099
"627",0.100920525851807,-0.424026640837366,13605.0305975519,0.942821547294644
"628",0.101160810005488,-0.417744828750106,13606.1525506814,0.94464311139205
"629",0.102049798260959,-0.435870143342281,13606.0706198235,0.938818992474914
"630",0.101140603775494,-0.424437860157235,13604.7147072565,0.933823609716603
"631",0.101542576470409,-0.417977228428729,13605.9394806198,0.932445183118353
"632",0.101403257778297,-0.436060300490447,13604.9275885637,0.935944343481362
"633",0.100306780310546,-0.418635524950057,13607.8211127142,0.919251220507996
"634",0.0998139534780095,-0.40951450542787,13606.6871466066,0.927590429527795
"635",0.0994763942991333,-0.411443993508955,13605.7186759569,0.934347936864261
"636",0.102309814546523,-0.421822933738438,13607.8717850723,0.927074602570761
"637",0.101053462793576,-0.422375165115549,13610.2484024414,0.914304411081404
"638",0.101771369717721,-0.431744547947244,13605.4020741982,0.934210680083566
"639",0.0996096812342401,-0.431348463405505,13604.2495034377,0.937225797888044
"640",0.100134968506266,-0.403814653919392,13609.4308676446,0.95058254257092
"641",0.0984629389288724,-0.426025790634861,13605.9533339291,0.940152709237614
"642",0.100350313284018,-0.426456998502258,13604.1645637376,0.938817770143905
"643",0.101742421556167,-0.448350080931055,13606.7537390142,0.938600650419022
"644",0.0988600372797875,-0.393971649436115,13612.7989536232,0.950914765942033
"645",0.100081436435642,-0.42828417755339,13604.8123748982,0.927483883293845
"646",0.0983588130673812,-0.417160105409721,13606.9568624386,0.942693678442059
"647",0.101030615689257,-0.41587117331683,13605.623928348,0.940543790554761
"648",0.100569873168371,-0.43318190126378,13606.1562709207,0.949252293059916
"649",0.10113807547241,-0.429749813493425,13605.129165998,0.928414306224657
"650",0.100859754956475,-0.444465092855167,13606.3257813039,0.925971482527037
"651",0.0999683296017734,-0.424095472525906,13604.1607360355,0.936572719410333
"652",0.0992957464971259,-0.426215772508242,13604.6714896189,0.931870755156939
"653",0.0996510620435752,-0.428059889601095,13604.9233103279,0.943925584245444
"654",0.101677877022318,-0.426906148307218,13605.5027460654,0.940137515163101
"655",0.0996361926194071,-0.43684431267624,13604.6397968485,0.932034154971038
"656",0.101691431517322,-0.451830764332972,13607.2779183028,0.938435323019206
"657",0.0996225753422917,-0.4433745702999,13605.2875254575,0.939106203001633
"658",0.0981787886452193,-0.418658185282586,13606.8608604052,0.939730937521253
"659",0.100747028668034,-0.424966903314356,13604.3035547797,0.934714166618569
"660",0.0986278965830906,-0.422962258449294,13605.544407671,0.934761301223648
"661",0.100970234525836,-0.393576386907477,13619.6052762731,0.965029902890577
"662",0.101614687495176,-0.421727996378955,13605.5698672619,0.933902458623531
"663",0.0992096475236516,-0.407991511518334,13608.0999120916,0.924344704098578
"664",0.0989081231656948,-0.423849488064471,13607.1900715916,0.94971864895768
"665",0.102209740009198,-0.441655844170609,13607.0467345614,0.9304332662641
"666",0.0998388077239849,-0.413656320795977,13605.9287022588,0.943962063934747
"667",0.0997605449172468,-0.428341375533663,13604.56723664,0.929511662879268
"668",0.101366111356395,-0.42706995920667,13604.823089825,0.935484694475362
"669",0.100205299001988,-0.432992191146633,13605.2327566686,0.925731047632355
"670",0.100616194127246,-0.417865730117526,13606.1239781114,0.925139761918988
"671",0.102453597151219,-0.444214096397129,13607.5141792678,0.934593641373763
"672",0.100221893144866,-0.403591041364015,13607.3782484718,0.931582599811703
"673",0.0996171139333039,-0.437327324824654,13605.5297997554,0.926547406694289
"674",0.0998231295803327,-0.440916716923193,13605.0165494693,0.940863325595012
"675",0.101794625586891,-0.427679103800919,13605.7523037322,0.930986192990678
"676",0.100107694163216,-0.444001697701163,13605.0057349577,0.936944597589948
"677",0.100946440889814,-0.41835577034105,13605.7224210484,0.927899806940474
"678",0.0998550908824245,-0.452415419286395,13607.3876176778,0.944401030804699
"679",0.0988973938729441,-0.417392634487503,13607.4089465315,0.948941772873379
"680",0.100827899909899,-0.432225620910599,13604.5985623656,0.930197748335956
"681",0.0992440037784544,-0.411959705653017,13605.9537785132,0.932185896795259
"682",0.0993057661489304,-0.43931465026887,13605.0681845402,0.933437765605123
"683",0.100827714686737,-0.457438560107682,13608.7609245192,0.926426601938457
"684",0.0996285951115057,-0.443471821651425,13608.4911332781,0.919146972616406
"685",0.102035685180044,-0.437312185052185,13606.3834276163,0.930331284467517
"686",0.0996264064395689,-0.419018767269586,13604.6701320946,0.934231751696591
"687",0.101897420266863,-0.432584193778503,13605.6942151186,0.933086347982623
"688",0.0991852708375307,-0.430036786192717,13604.7575128021,0.932155562771004
"689",0.101209889648515,-0.412918814300444,13606.3069526634,0.940817717103207
"690",0.096972440333691,-0.414424531426803,13610.8093808754,0.933298593895784
"691",0.0989588663912073,-0.432795257430257,13605.33028605,0.941370607557091
"692",0.098980835847084,-0.442295320867887,13605.7974663778,0.936919827040502
"693",0.101209804276083,-0.422350569273932,13605.3102388644,0.929836200141152
"694",0.0984921125009009,-0.391415321366706,13613.2264596483,0.925380947696841
"695",0.101641625452017,-0.425007114921624,13605.4387397503,0.938986110960314
"696",0.0996383648444184,-0.429041132361635,13604.476022726,0.940902092526973
"697",0.0994195292290121,-0.40770501617159,13607.328229137,0.945088269121727
"698",0.097745320571582,-0.441929019694446,13610.6419267186,0.922946999306957
"699",0.101123632518164,-0.408003754108846,13606.9142013941,0.933728364238179
"700",0.100397422752681,-0.423641588006229,13604.3529440201,0.939526132013762
"701",0.101260051756537,-0.458086056223673,13608.4509170885,0.941615777587883
"702",0.100063111371608,-0.428111591780964,13604.0734295165,0.938018650428356
"703",0.0974851257178893,-0.43656407287948,13608.7843061767,0.93516004228355
"704",0.0987640164849309,-0.434866603053221,13605.4158132299,0.936484460019482
"705",0.098739923761531,-0.427045586212313,13608.9350380987,0.918204535364829
"706",0.100592429052522,-0.428302415015104,13604.2830205716,0.931761384391565
"707",0.0987635822447384,-0.44811572982323,13608.3936460077,0.946804257920349
"708",0.100618929718304,-0.43011976540114,13605.8322311567,0.923615671662849
"709",0.0981686991569907,-0.416549826056963,13606.9340208986,0.934790808007533
"710",0.101503366319302,-0.452302043163093,13607.3569175911,0.941193726861571
"711",0.101085916880605,-0.445739200405345,13606.2578541239,0.944028906707987
"712",0.0987155558668956,-0.422846480440476,13605.4899123498,0.93895162473591
"713",0.100165830097574,-0.434762697764864,13604.4308062757,0.930664857854644
"714",0.10337617648242,-0.435641514195831,13609.6127168365,0.933936067837145
"715",0.100828439898464,-0.437133738198598,13606.1995596833,0.923564784977939
"716",0.0996988951403228,-0.432303838510896,13607.7319851559,0.918508057496438
"717",0.0994150295489474,-0.428737870703058,13605.9833789527,0.947854334823947
"718",0.0989890432052007,-0.414777657719736,13608.2776484005,0.95118502009916
"719",0.101113164239189,-0.390854547595615,13615.8777614737,0.955628322080626
"720",0.099485361579192,-0.433195367623609,13604.3920255361,0.934951660910812
"721",0.0996682673225334,-0.436512172756076,13604.4885836757,0.933511130640904
"722",0.100986109554145,-0.438167327381584,13605.7268125879,0.926103052864739
"723",0.0990885713530654,-0.42324053434429,13605.1929729749,0.930219690119204
"724",0.0997961816382524,-0.433129178550864,13604.2252392223,0.9335496124725
"725",0.100538122828552,-0.446800502261658,13606.8034605897,0.924913936357825
"726",0.100545183623825,-0.440530214262236,13605.1166486414,0.929079457138473
"727",0.0984566374134334,-0.41815034699375,13612.1835783233,0.91353434596981
"728",0.10183876368456,-0.451532403338498,13615.2605987182,0.962912265215905
"729",0.0994458603195833,-0.436757951789479,13604.9976212,0.930187303696239
"730",0.0997900810351633,-0.422168033013355,13606.0105030291,0.948078836293311
"731",0.100299705499202,-0.434868179175313,13604.5836990349,0.942108978789625
"732",0.100582837699135,-0.433644474396235,13604.1917498149,0.933697472574779
"733",0.100078827496043,-0.417800573210501,13605.4899151775,0.927265195636961
"734",0.1011467800625,-0.442568827127951,13606.1549384616,0.945247085252825
"735",0.100814466097785,-0.433235935547753,13604.4286022399,0.939755726631515
"736",0.100422903849198,-0.433525006044775,13604.2949125059,0.93156756422991
"737",0.0997571853083288,-0.439604406850854,13607.6399194727,0.952252978815639
"738",0.100058135688636,-0.411727456469508,13608.3505663245,0.920272358611712
"739",0.099545258744228,-0.432502722813328,13604.3486574428,0.93769765541977
"740",0.0988709451139452,-0.425195758994805,13605.272457043,0.931498600158767
"741",0.100614352589477,-0.442232626151702,13607.6807152243,0.920200875531884
"742",0.102197343356204,-0.408442764224715,13609.2448329464,0.942836028170842
"743",0.100913202215494,-0.441707148298872,13604.8835372839,0.935623835339729
"744",0.10016235023974,-0.426845837859597,13607.1366597486,0.952462484847759
"745",0.0976624792263666,-0.417549749269946,13608.4062104009,0.941123064469356
"746",0.0999715412422161,-0.428726431886631,13604.0420987381,0.936848710289545
"747",0.102769218923558,-0.463107613222355,13613.7379503857,0.924408462639348
"748",0.0985837468357812,-0.423994436594613,13607.7353927674,0.922345398086553
"749",0.101146852803492,-0.453392372758937,13608.0773532779,0.926083813356399
"750",0.0988592593780717,-0.409889639475147,13607.1300325763,0.929029847741013
"751",0.0991190205642458,-0.433172650331039,13607.2814578424,0.9212759791404
"752",0.0983338780713627,-0.426726034054738,13606.5767230533,0.928993496779818
"753",0.0996833990445962,-0.432967229858253,13608.3786930839,0.95513523244495
"754",0.0982098561829853,-0.421178882862533,13606.5113245432,0.938084099069917
"755",0.101582057286471,-0.422123816293719,13605.43571031,0.935839201931672
"756",0.0972616968423322,-0.40798007762512,13611.3011708755,0.944391438027976
"757",0.0999712742386344,-0.442305771584756,13604.9724747515,0.939512839815279
"758",0.0986939845583538,-0.426137127114034,13605.5352311591,0.940263272004766
"759",0.101113923262882,-0.428772498708835,13604.6184636038,0.932332231141516
"760",0.102088287725738,-0.441542304995543,13608.6605929169,0.92222026134952
"761",0.100077812605182,-0.42437457912511,13604.6271088231,0.929203940736602
"762",0.100541283926056,-0.410819625567082,13608.1581913246,0.950557798535537
"763",0.09996346055532,-0.414136501549216,13605.5638565192,0.942274333121538
"764",0.0988191946048763,-0.437687032272373,13605.5663575708,0.937523365088286
"765",0.101864298051344,-0.440854714312005,13606.82714244,0.927278570817943
"766",0.0998160807061095,-0.408739888859113,13607.6283403186,0.94793139686986
"767",0.100840465886721,-0.455232767425161,13607.3629701107,0.940546707253959
"768",0.0985200317532048,-0.406245908384515,13609.884837051,0.922667573906378
"769",0.101926069542172,-0.409618146950502,13608.4196744757,0.943026655107541
"770",0.10172836710249,-0.42680228794529,13605.4143336886,0.937423132915427
"771",0.0991802612084509,-0.433290880764842,13604.788432183,0.933188383253811
"772",0.0981721108361337,-0.415145610198445,13607.219809604,0.939833513251717
"773",0.101107852634831,-0.425573281368833,13607.5117028423,0.952051433935399
"774",0.100424768189487,-0.418351834914711,13604.7046720255,0.933399098218251
"775",0.0997256876810892,-0.436116178168977,13609.0675188673,0.956415873886447
"776",0.100567335068949,-0.430735545045623,13604.296175349,0.93140806974378
"777",0.0978757513676996,-0.430619377562323,13607.502488663,0.930948033183527
"778",0.0985162124250405,-0.422456959475262,13605.7653963403,0.935118761111066
"779",0.101921268535991,-0.420585500994156,13606.497904299,0.930859447372336
"780",0.0981907241319127,-0.448782145007614,13609.1889084982,0.928496892820586
"781",0.102386746846955,-0.415710595775934,13608.3439854803,0.92978889495012
"782",0.10040493207042,-0.435607447370292,13604.254734888,0.938360796647734
"783",0.098840041077615,-0.409569763692125,13606.7882265343,0.939569783462683
"784",0.0994628709032921,-0.418601877112628,13605.6274928973,0.927345070289704
"785",0.101761444465726,-0.43938849324707,13605.6903629091,0.937654389729673
"786",0.101961064573866,-0.42462839139785,13606.1905376598,0.940654184157399
"787",0.0978743869124444,-0.430113301405117,13610.6866799165,0.918872645646398
"788",0.0993580801836504,-0.428311057522436,13605.1249776874,0.943786147694532
"789",0.101406003205691,-0.412942607590017,13606.4722162705,0.932271010271373
"790",0.10270037852188,-0.437374662212222,13607.733910135,0.940024559005386
"791",0.0996668398962484,-0.408055735745015,13606.5527664874,0.941590045456359
"792",0.100138812789168,-0.439880382152837,13604.5296584511,0.934358646426443
"793",0.0994310875255097,-0.449882242469402,13606.4550531999,0.937236079717962
"794",0.0989565746753493,-0.430719521031165,13606.231539194,0.925264942449146
"795",0.101133634460786,-0.437150184287756,13606.1288444468,0.947166866576949
"796",0.101432063634438,-0.435169929332442,13605.0792601113,0.939523835383263
"797",0.100598215476705,-0.438442404239004,13608.8801805339,0.916442045879603
"798",0.100786217874845,-0.401305000169288,13608.7282617247,0.928721445496382
"799",0.0985250515589951,-0.430146344994123,13605.821548335,0.939845164627505
"800",0.100215883171093,-0.427160578878908,13604.0943664246,0.938252565525035
"801",0.100432408118505,-0.42789629511271,13604.0941428809,0.933690938658211
"802",0.0993421627638094,-0.43572166576401,13604.6720673488,0.934767403584123
"803",0.0991083758899008,-0.438906782835762,13607.4535638907,0.95004484279051
"804",0.0988073368509776,-0.452882153005619,13608.2492393842,0.940680732740926
"805",0.0983632807335338,-0.435304153962823,13606.2460245261,0.935053579317761
"806",0.0994023010404721,-0.470284950372558,13612.8079757109,0.931031288945361
"807",0.100217279821797,-0.433094326376764,13604.6715894408,0.92850117420222
"808",0.09886174844184,-0.444104359872761,13607.8043974577,0.924416674842738
"809",0.0997485197832916,-0.423686505768516,13604.6711936986,0.929753992248223
"810",0.100954794423726,-0.41626020619962,13609.333863546,0.917336717312302
"811",0.101569974505648,-0.413645282600453,13607.7348712785,0.946634882432329
"812",0.0985588795131373,-0.417306174355225,13606.2048804999,0.939629505458447
"813",0.100274853917762,-0.452199195779712,13606.9444866843,0.929011209446046
"814",0.099299867449156,-0.42830123053945,13604.4880685348,0.937303257610745
"815",0.100509839488899,-0.434376723017608,13606.2411770818,0.949461573302218
"816",0.101996292238176,-0.433288988821623,13605.8102883023,0.936908203197546
"817",0.101333860549786,-0.449184172152592,13608.4372335588,0.922462170007101
"818",0.101155811077476,-0.425776714533995,13604.7781807792,0.93208648404636
"819",0.100593343079923,-0.439393892383249,13605.2940954528,0.944215774679531
"820",0.101903423014276,-0.416239693213775,13606.8984183512,0.940319193586901
"821",0.0979576976849118,-0.445992962052031,13608.6920797887,0.933418294085147
"822",0.102038516214831,-0.429913125027572,13606.8052224449,0.944978577736122
"823",0.100481031213565,-0.421502649586334,13604.4903103576,0.939092412033155
"824",0.0984876574251388,-0.439493876361369,13608.1532743154,0.923606183693364
"825",0.0999929153212902,-0.409174587478539,13607.1480271225,0.925675300174317
"826",0.0992092718978593,-0.438150884948185,13606.2745784817,0.946483468843372
"827",0.0986868990988813,-0.413655592069812,13607.9214571075,0.924049394083283
"828",0.0995031653708531,-0.426811714894562,13605.6822312542,0.946904405015552
"829",0.101105209948448,-0.429969501822918,13606.8280869303,0.921624376764581
"830",0.103166886625532,-0.420203916152468,13609.5814525542,0.937175652647356
"831",0.101627805127789,-0.419184596521047,13605.7991447625,0.935866564221973
"832",0.0997855139648439,-0.44478759567948,13605.2501519378,0.935581825056458
"833",0.101665485732897,-0.454442086288281,13607.7553897816,0.934170164626491
"834",0.0973879673468673,-0.434320370756012,13611.953745734,0.952760434691074
"835",0.100956942365588,-0.452734976642263,13607.2269728215,0.943185398546217
"836",0.0996584867585125,-0.434744792197534,13604.6489979361,0.941149104645722
"837",0.101347229811395,-0.453946103623073,13607.902347987,0.928422546674281
"838",0.10027917266585,-0.432151342031555,13604.0934279277,0.933431992636153
"839",0.100052637075418,-0.397680925625632,13610.2911334052,0.924542020203759
"840",0.099202276498652,-0.412731319803086,13606.3690860181,0.943530571452873
"841",0.099260295929589,-0.431477866914089,13606.3665297483,0.94855342904143
"842",0.0983840438981833,-0.473620317068058,13616.1010344074,0.941701084697514
"843",0.101795348270129,-0.42086799282074,13609.6708678119,0.918168412063735
"844",0.10092339990063,-0.451297278061751,13606.5172785981,0.932012575378504
"845",0.0989594231605763,-0.42362681451863,13609.3433544638,0.916697153338807
"846",0.102170942719482,-0.458930029594675,13610.7927381012,0.946626105175816
"847",0.100496195466132,-0.436370628204559,13604.2600550399,0.93702993903486
"848",0.0986041272379347,-0.450294644370425,13608.0076704846,0.939901262364387
"849",0.0977989245976793,-0.414017091569367,13608.3948157191,0.9411985169068
"850",0.0973658566743284,-0.419169001508659,13610.0281497749,0.926473214564337
"851",0.10137538303201,-0.410348361265439,13607.0523367444,0.930766707528485
"852",0.0969439715340073,-0.415968645330985,13610.9095147784,0.941143846538618
"853",0.0992567276943611,-0.434643876952551,13605.169649456,0.942359621178392
"854",0.0996175934543247,-0.419887524880037,13604.7860956848,0.931495457217133
"855",0.100630084887299,-0.409313632517799,13606.1239919494,0.937324561451524
"856",0.0993920668262732,-0.409601754334857,13606.4361785027,0.930265745700639
"857",0.102200036856453,-0.443774733817069,13606.9064682951,0.934527978987802
"858",0.0999626088086016,-0.418663956764825,13609.7083812835,0.915033853562396
"859",0.0987881944417041,-0.446425760190477,13608.0187085024,0.94667082378207
"860",0.10158523398043,-0.436945693948531,13605.3136744366,0.933088799390758
"861",0.101780856498646,-0.438805551114628,13606.9258190356,0.925465847902993
"862",0.0988332973646558,-0.433645324743254,13605.5277909629,0.930755621195171
"863",0.0996674044910246,-0.418934810733097,13605.7276339884,0.945706899385597
"864",0.100466898344849,-0.442644714510465,13604.808524559,0.936642122890717
"865",0.102830151856254,-0.423727603633187,13608.2338546163,0.938674189786913
"866",0.10030959121051,-0.443901687728066,13605.1772070148,0.940331686946841
"867",0.0989160850723999,-0.442822168004142,13606.505598095,0.942883131128051
"868",0.0997612774002337,-0.426731510163928,13604.2121368423,0.933161752837039
"869",0.101936780486405,-0.442080723694573,13607.5782845554,0.92509536331518
"870",0.102603084557803,-0.42471704747506,13613.2655886549,0.914017718988378
"871",0.0983637297318923,-0.444350799727265,13607.3165927266,0.934326319860078
"872",0.101647338112888,-0.450067006505617,13607.633734995,0.927712114832191
"873",0.0993410857327483,-0.426480271450491,13604.7248645684,0.930863402933317
"874",0.100000047574942,-0.427179687174103,13605.5609011132,0.924391930930452
"875",0.100439745107499,-0.432495020043682,13604.6027929532,0.928960855283341
"876",0.101566826055651,-0.408778645846332,13608.3643994808,0.945527126507924
"877",0.102650262965231,-0.418376152251299,13608.3661420056,0.932480814973229
"878",0.0986064611256044,-0.419139159596458,13609.4364060089,0.918434071860578
"879",0.0992747060023429,-0.430706761227425,13605.7008166431,0.946086788177834
"880",0.0993371250579796,-0.434015162427342,13605.3648826723,0.927534549207192
"881",0.0990550393850551,-0.417755675842064,13605.3690302797,0.938934600607084
"882",0.100358078195928,-0.433060136877417,13604.9733318464,0.926944745837168
"883",0.10033019188714,-0.418010664144872,13604.8424425178,0.940014706028265
"884",0.1010683410478,-0.424136802305565,13604.6526807921,0.937799962816314
"885",0.101679183483463,-0.431815874254465,13608.4165371151,0.919432276583031
"886",0.101462288647264,-0.404773596792509,13608.1462634439,0.938461946418017
"887",0.0982641940150022,-0.445890449973434,13607.8489698349,0.938684199084869
"888",0.0997264384667822,-0.405859586854392,13606.6928311314,0.933594033311327
"889",0.100772840756291,-0.405297598085726,13607.3912828059,0.941358376087616
"890",0.100301165372429,-0.403012811127445,13608.3462888655,0.926681784370171
"891",0.102084845064279,-0.442817273875445,13606.5500020046,0.936664106219174
"892",0.101514940921152,-0.402118924784922,13608.8594965651,0.935839334256098
"893",0.101593770816326,-0.426637896139799,13605.9518756112,0.944188227114884
"894",0.0995224549321664,-0.42420899228079,13604.970496353,0.928548377469865
"895",0.101022501551682,-0.444028732275624,13606.074098952,0.927388435465616
"896",0.100672718287895,-0.433493677594848,13605.7072765333,0.947454207492959
"897",0.101907723899152,-0.428297178033032,13607.5179178949,0.923354936883826
"898",0.100632576229026,-0.45179877073158,13608.2112530787,0.948997257315534
"899",0.0994540296973743,-0.416259940482698,13608.5321636589,0.91869181587942
"900",0.100512672560584,-0.419885368316517,13604.5238457383,0.935186821333244
"901",0.101286827513849,-0.391061826175796,13612.6620632485,0.929022354868307
"902",0.0982256391904104,-0.464101615955066,13612.9013200505,0.941914586162367
"903",0.0999437706262691,-0.424753184991381,13604.2295324614,0.938742402745129
"904",0.100544500050915,-0.440209184496921,13604.5608882053,0.935171367719626
"905",0.100154606246743,-0.411914345471435,13606.0229668357,0.943076005486163
"906",0.0991024220300506,-0.415991918168674,13605.4047025399,0.936819499845981
"907",0.100527097824789,-0.416387511690087,13604.9104128743,0.935859835654335
"908",0.0991021467959964,-0.417531518683157,13605.2710647629,0.933993374101555
"909",0.0999863795661504,-0.424178865510361,13604.6809803078,0.942652098674212
"910",0.102079671910244,-0.407958568302675,13608.8507047894,0.941124435327459
"911",0.101562180254549,-0.42994921790402,13605.0371466015,0.935457262727041
"912",0.100145095215455,-0.43230724373509,13604.0558772661,0.937080344856223
"913",0.0993100024815532,-0.440887739829194,13606.2734642265,0.926142499813463
"914",0.100499787606832,-0.430800783977502,13606.3902734306,0.921684943950741
"915",0.101251296046015,-0.421688858709872,13605.3051821364,0.930689139405592
"916",0.0995038174877588,-0.457738442790439,13608.294753211,0.939091199187265
"917",0.10138613826624,-0.447995582422569,13606.1566976831,0.935059291382762
"918",0.0985537464969656,-0.417280833143287,13606.3726578043,0.930796384729871
"919",0.098794840973104,-0.427121139844325,13606.9390359003,0.948543907198724
"920",0.100016812867509,-0.458501216127148,13608.0072767517,0.937497571504256
"921",0.101090971369653,-0.433890656609344,13604.8515277342,0.941441100652222
"922",0.0983795553184529,-0.426556097456352,13605.9163610638,0.936080319093942
"923",0.100641255821903,-0.44487203077322,13605.4886668006,0.941478538867009
"924",0.10095425223861,-0.432175443526038,13605.6964482156,0.924997624055718
"925",0.0994211438625413,-0.408711362937181,13608.7516831946,0.921267199061081
"926",0.0983747202961578,-0.407935965453645,13609.9651862586,0.950347199603888
"927",0.103123649242165,-0.417558045351671,13610.5391962856,0.944541173742101
"928",0.0984429512161441,-0.410880994606705,13613.892991151,0.960972120240379
"929",0.0982051699647073,-0.430200076335137,13606.3824260288,0.934092730435355
"930",0.101209790562003,-0.434998681839466,13604.711073868,0.933577695138385
"931",0.0999820634376829,-0.440910502751792,13604.7323282803,0.933237702153799
"932",0.100522311832063,-0.436093383720293,13604.5299552634,0.940897910419025
"933",0.104765616722981,-0.442370275613749,13623.0067022632,0.911876778313621
"934",0.102338742751099,-0.40024151153692,13611.2248079699,0.937449137218305
"935",0.0995765188088961,-0.413967043238681,13605.6922977309,0.929725880624623
"936",0.101344555661334,-0.452954733151759,13609.299512329,0.950355705272071
"937",0.100242041973541,-0.427466072252898,13604.0944902502,0.938341779555025
"938",0.100420869050671,-0.419081152783602,13607.3023016343,0.92058069802814
"939",0.101656104011922,-0.445449223420636,13606.239517896,0.939138442883771
"940",0.0984023371950303,-0.427814753844476,13606.1947844241,0.930611407419486
"941",0.0996546311995777,-0.411882570046137,13606.426633365,0.927110377327635
"942",0.0981888966901166,-0.433996051911482,13610.5590239714,0.955007536314894
"943",0.098520026054495,-0.428038534626199,13605.7033732556,0.938504993118331
"944",0.099943801639738,-0.434415312404804,13604.2329951953,0.938318886991073
"945",0.100199087527771,-0.42901380534892,13604.5067189047,0.942463554849774
"946",0.0978541171562025,-0.428680316397033,13615.5083912129,0.963618899928554
"947",0.099307846325542,-0.435372545324082,13605.8898307168,0.946222029608065
"948",0.101521427364096,-0.427465538050762,13607.7793653301,0.920600256255401
"949",0.10215340845618,-0.407530955185324,13609.5815161474,0.944299259843015
"950",0.101131172953681,-0.441394670685507,13607.6956497565,0.920821879117146
"951",0.101867645108749,-0.422488546846615,13611.0378804483,0.957481593091295
"952",0.0995942226639751,-0.422094035458769,13606.2712365045,0.948648792544986
"953",0.101798269380023,-0.451438037630618,13607.8214824319,0.929372080224076
"954",0.0995696513961566,-0.445221126832948,13605.5783242698,0.938839147510573
"955",0.103297483146892,-0.419504676609469,13610.1075016738,0.936956398046009
"956",0.0992882728857367,-0.430715235298321,13605.2037375409,0.928030969811111
"957",0.0984211267128624,-0.417891539881603,13608.8948966235,0.921023588709835
"958",0.10086925387292,-0.458428889181521,13608.6376136438,0.928388216056244
"959",0.101373250456062,-0.419079787260739,13606.1134819803,0.928143337079775
"960",0.0989708677563994,-0.429261079757946,13604.8918544554,0.937161155259525
"961",0.101003186607888,-0.410413541889983,13606.7470714386,0.929313373011471
"962",0.100550475047556,-0.421627689971008,13604.4559495335,0.933379313316539
"963",0.101218258132114,-0.448188150822502,13606.1595527432,0.93228082019112
"964",0.0993702000054867,-0.427954971098014,13604.404247597,0.936733920878591
"965",0.0978791298525182,-0.408569905791415,13618.5634968232,0.907618070999593
"966",0.100548022233288,-0.425230316016691,13604.1897968891,0.934407690384522
"967",0.100503730049138,-0.41252459921737,13605.4899447333,0.934169532572863
"968",0.0983413889788338,-0.400774543354667,13609.3387792295,0.934494250737083
"969",0.101904699023823,-0.442175519572793,13606.8017087201,0.943588847267725
"970",0.102277775041588,-0.441813538979637,13607.4451678928,0.928849855321405
"971",0.100877462456479,-0.426629019874009,13604.7111334874,0.929969883674367
"972",0.0995705704941397,-0.458375350960643,13608.8629052913,0.929206629704061
"973",0.0980158360082527,-0.412217612221768,13609.1327205637,0.925396850815797
"974",0.0979916964369017,-0.450758971843743,13609.4574637131,0.936414100465764
"975",0.0976422973924494,-0.431491809263182,13612.3201665525,0.916880125973156
"976",0.102496464013307,-0.430233834717196,13606.9326199413,0.936899686994901
"977",0.102380449177166,-0.404256496354433,13610.2220430696,0.937285705307276
"978",0.100007148184769,-0.42410261966862,13604.1723235699,0.937302264574439
"979",0.0982241372115175,-0.438733453956496,13609.6896595647,0.920580694642689
"980",0.0995920167319704,-0.411980836228721,13605.5901390616,0.938067783380146
"981",0.101530324789945,-0.441994087629263,13608.4617481904,0.952093114985436
"982",0.10257377958116,-0.427454935120654,13611.4197050886,0.91724227268761
"983",0.0999331564338193,-0.421339480829228,13605.7766035679,0.947140634952927
"984",0.100016802981413,-0.426742524832487,13604.0665203942,0.934509989032644
"985",0.10242790455714,-0.455295633343197,13609.8380956586,0.9434129914613
"986",0.101274675576815,-0.419588676239529,13605.6784592436,0.929622541538548
"987",0.101270246782137,-0.432764628637048,13605.9746058547,0.925212618427754
"988",0.0997824564872441,-0.427366595722308,13604.3696966173,0.931055970900598
"989",0.099464607534762,-0.425662714887049,13604.6205744499,0.940672643001572
"990",0.102613825496279,-0.441475377150435,13607.6144304616,0.936978054348153
"991",0.101186852112069,-0.422419526394223,13605.0595911967,0.940068457566552
"992",0.101007079901849,-0.435373328305503,13604.4956007356,0.937208353280713
"993",0.10046683707737,-0.421879874748605,13606.5171251635,0.922179508984413
"994",0.0973076540759809,-0.448775192991644,13611.4794838538,0.940901512321234
"995",0.0997931523427005,-0.443305587413887,13605.3463782327,0.930703313904063
"996",0.0983251158237217,-0.446442215619431,13607.7484594797,0.934635873575831
"997",0.100967636528281,-0.432415629013932,13604.4215452942,0.938397412951929
"998",0.0980689857685207,-0.412334623007669,13607.6835280967,0.937958540849605
"999",0.100896179701362,-0.440448181112701,13604.8699743277,0.932556175976383
"1000",0.098187124580112,-0.451369370185377,13610.1746544508,0.946182849804446
