Year,ID1,ID2,Latitude,Longitude,Elevation,Tmax01,Tmax02,Tmax03,Tmax04,Tmax05,Tmax06,Tmax07,Tmax08,Tmax09,Tmax10,Tmax11,Tmax12,Tmin01,Tmin02,Tmin03,Tmin04,Tmin05,Tmin06,Tmin07,Tmin08,Tmin09,Tmin10,Tmin11,Tmin12,Tave01,Tave02,Tave03,Tave04,Tave05,Tave06,Tave07,Tave08,Tave09,Tave10,Tave11,Tave12,PPT01,PPT02,PPT03,PPT04,PPT05,PPT06,PPT07,PPT08,PPT09,PPT10,PPT11,PPT12,Rad01,Rad02,Rad03,Rad04,Rad05,Rad06,Rad07,Rad08,Rad09,Rad10,Rad11,Rad12,DD_0_01,DD_0_02,DD_0_03,DD_0_04,DD_0_05,DD_0_06,DD_0_07,DD_0_08,DD_0_09,DD_0_10,DD_0_11,DD_0_12,DD5_01,DD5_02,DD5_03,DD5_04,DD5_05,DD5_06,DD5_07,DD5_08,DD5_09,DD5_10,DD5_11,DD5_12,DD_18_01,DD_18_02,DD_18_03,DD_18_04,DD_18_05,DD_18_06,DD_18_07,DD_18_08,DD_18_09,DD_18_10,DD_18_11,DD_18_12,DD18_01,DD18_02,DD18_03,DD18_04,DD18_05,DD18_06,DD18_07,DD18_08,DD18_09,DD18_10,DD18_11,DD18_12,NFFD01,NFFD02,NFFD03,NFFD04,NFFD05,NFFD06,NFFD07,NFFD08,NFFD09,NFFD10,NFFD11,NFFD12,PAS01,PAS02,PAS03,PAS04,PAS05,PAS06,PAS07,PAS08,PAS09,PAS10,PAS11,PAS12,Eref01,Eref02,Eref03,Eref04,Eref05,Eref06,Eref07,Eref08,Eref09,Eref10,Eref11,Eref12,CMD01,CMD02,CMD03,CMD04,CMD05,CMD06,CMD07,CMD08,CMD09,CMD10,CMD11,CMD12,RH01,RH02,RH03,RH04,RH05,RH06,RH07,RH08,RH09,RH10,RH11,RH12
2017,Deep Well,Sevilleta,34.335,-106.632004,1669,11,15.3,18.1,21.1,24.7,32.3,34.2,30.6,27.6,22,16.6,10.4,-8.6,-4.8,-0.5,5.6,8.7,10.9,17.4,15.4,13.6,6.7,-1.3,-4.6,1.2,5.2,8.8,13.3,16.7,21.6,25.8,23,20.6,14.4,7.6,2.9,4,5,19,25,26,5,55,56,68,26,10,20,10.1,13.5,18.4,23.1,26.2,28.3,25.4,22.8,19.8,15.7,11.3,9.5,51,16,5,0,0,0,0,0,0,0,5,32,11,41,123,252,364,498,644,556,467,292,93,21,522,353,287,153,72,11,1,4,22,129,312,465,0,0,0,5,26,115,243,156,100,9,0,0,2,4,13,28,30,30,31,31,30,29,11,5,1,0,0,0,0,0,0,0,0,0,0,2,44,62,96,120,155,206,204,167,124,89,57,38,40,57,77,95,129,200,149,111,56,63,47,18,36,38,44,53,53,42,54,57,59,54,45,49
2018,Deep Well,Sevilleta,34.335,-106.632004,1669,9,15.2,13.7,25.3,31.8,34,35.5,31.2,27.1,27.7,16.1,7.5,-6.6,-2.8,-3,3.3,7.1,14.9,17.7,17.4,12.4,7,-1.8,-6.4,1.2,6.2,5.4,14.3,19.4,24.4,26.6,24.3,19.8,17.4,7.1,0.6,9,9,14,6,3,23,48,74,51,9,16,21,10.1,13.5,18.3,23.6,26.8,28.1,25.4,22.7,19.8,15.9,11.2,9.5,51,13,15,0,0,0,0,0,0,0,6,57,11,56,47,279,446,582,668,597,442,383,82,9,523,326,393,128,32,3,1,2,29,62,326,537,0,0,0,8,71,196,267,196,82,32,0,0,3,7,7,24,30,30,31,31,30,29,10,3,1,0,1,0,0,0,0,0,0,0,0,4,39,61,79,147,208,208,213,164,125,113,56,33,30,53,65,142,205,186,165,90,73,105,40,12,46,44,47,39,35,48,52,61,57,43,45,51
2019,Deep Well,Sevilleta,34.335,-106.632004,1669,10.9,12.2,15.3,20.1,27.3,28,34.7,36.7,32.7,28.3,17.2,13.1,-6,-3.8,-0.3,4,8.6,13.2,16.5,17,10.2,3.8,-4.3,-6.2,2.5,4.2,7.5,12.1,18,20.6,25.6,26.8,21.5,16,6.5,3.5,5,23,20,18,25,33,28,26,4,1,13,3,10.1,13.3,18.2,23.4,26.4,28.1,25.6,22.9,20,16,11.3,9.7,38,22,8,1,0,0,0,0,0,0,8,28,17,28,88,214,402,468,636,675,494,343,68,26,484,383,328,188,50,17,1,1,17,88,346,448,0,0,0,3,43,94,236,274,121,18,0,0,3,5,14,25,30,30,31,31,30,25,5,3,1,1,0,0,0,0,0,0,0,0,1,0,43,53,84,118,174,167,211,208,161,119,60,45,38,30,64,100,149,134,184,182,157,117,46,41,44,48,51,51,47,57,51,48,40,35,36,39
2020,Deep Well,Sevilleta,34.335,-106.632004,1669,12.1,16.2,23.5,25.4,28.5,37.1,35.9,35.9,32.5,26.5,18.7,8.7,-7.4,-5.9,-1.2,6.9,8.4,11.9,16.4,14.5,13.1,5,0.4,-4.9,2.4,5.2,11.1,16.1,18.4,24.5,26.2,25.2,22.8,15.8,9.6,1.9,3,4,7,18,17,1,19,10,20,8,19,24,10.1,13.5,18.4,23.2,26.5,28.4,25.5,22.9,19.8,15.8,11.2,9.5,38,17,3,0,0,0,0,0,0,0,3,41,17,40,193,334,416,584,655,625,533,335,143,15,487,355,214,83,43,3,1,1,11,94,254,496,0,0,1,20,51,198,254,224,152,16,0,0,2,3,11,29,30,30,31,31,30,27,16,4,0,0,0,0,0,0,0,0,0,0,0,3,46,65,121,143,183,240,222,208,154,110,62,35,43,61,113,125,165,239,203,199,135,102,43,10,37,33,32,47,44,36,48,44,47,40,45,53
2021,Deep Well,Sevilleta,34.335,-106.632004,1669,8.2,13.1,15.1,27.5,27.7,35.7,38.2,34.3,28.5,23.7,20.9,7.3,-6.6,-4,-4.9,4.5,9.5,10,14.4,15.2,13.5,5.7,-1.4,-6.5,0.8,4.6,5.1,16,18.6,22.9,26.3,24.7,21,14.7,9.8,0.4,10,9,7,4,27,0,4,25,39,17,4,36,10.1,13.5,18.5,23.4,26.3,28.5,25.6,23,19.7,15.8,11.3,9.4,57,20,16,0,0,0,0,0,0,0,3,59,9,32,42,331,421,535,659,610,479,302,148,8,535,372,402,85,41,7,1,2,20,120,248,543,0,0,0,19,54,151,258,210,109,10,0,0,3,5,4,26,31,30,31,31,30,28,11,3,2,0,0,0,0,0,0,0,0,0,0,7,37,55,86,159,174,233,246,195,130,98,69,32,27,47,79,155,147,232,242,170,91,81,65,0,48,45,38,37,48,35,39,48,57,47,36,51
2022,Deep Well,Sevilleta,34.335,-106.632004,1669,11.8,12.8,17.1,25.2,32.6,31.6,36.2,32.9,29.6,24.4,17.3,8,-5.3,-2.5,-2.2,5.7,10.7,15.2,15.6,16.6,13.3,5,-0.3,-7,3.3,5.2,7.4,15.4,21.6,23.4,25.9,24.8,21.5,14.7,8.5,0.5,4,24,5,12,13,33,7,83,44,13,9,37,10.1,13.3,18.4,23.4,26.5,28,25.5,22.7,19.7,16,11.2,9.5,31,17,8,0,0,0,0,0,0,0,4,58,23,40,87,314,512,551,645,612,493,303,113,9,459,355,329,98,15,5,1,2,17,120,286,539,0,0,0,15,125,166,244,211,120,10,0,0,4,8,9,28,31,30,31,31,30,27,14,2,0,1,0,0,0,0,0,0,0,0,0,7,45,54,93,144,207,188,226,180,137,101,58,34,41,30,87,132,195,155,220,97,93,88,50,0,44,50,41,45,41,54,46,55,54,44,46,48
2023,Deep Well,Sevilleta,34.335,-106.632004,1669,10.2,14.3,20,24.3,24.8,33.3,36.2,35.4,30.8,25.8,17.6,14.4,-5,-3.9,-2.4,6.2,10.1,12.7,18.6,14.9,14,7.2,-0.3,-5.1,2.6,5.2,8.8,15.3,17.4,23,27.4,25.1,22.4,16.5,8.6,4.6,12,9,2,35,36,9,41,19,33,17,10,6,10,13.5,18.6,23.1,26.2,28.3,25.5,23,19.8,15.9,11.3,9.6,36,16,6,0,0,0,0,0,0,0,4,20,18,41,122,308,385,540,692,623,521,357,118,39,480,353,288,103,59,6,0,1,12,78,281,412,0,0,0,13,34,155,291,222,142,22,0,0,5,5,8,28,31,30,31,31,30,30,14,4,1,0,0,0,0,0,0,0,0,0,0,0,41,59,105,138,152,209,216,204,142,105,59,47,30,50,103,104,115,200,175,185,109,87,49,41,49,43,35,47,57,45,53,45,53,47,46,39
2024,Deep Well,Sevilleta,34.335,-106.632004,1669,12.2,15.4,18.2,25.8,33.5,37.2,35.3,32.8,29.4,21,17.8,12,-8.3,-2.9,-2.8,2.7,8.4,15.5,14.7,17.3,12.7,7.5,0.1,-7.3,2,6.2,7.7,14.2,21,26.4,25,25.1,21,14.2,8.9,2.4,7,12,3,4,5,11,22,59,63,52,4,14,10,13.4,18.5,23.6,26.7,28.3,25.5,22.9,19.7,15.7,11.2,9.6,43,13,8,0,0,0,0,0,0,0,3,36,14,57,93,279,492,641,619,621,480,288,125,17,500,325,322,128,19,2,1,2,19,133,273,482,0,0,0,8,109,253,218,220,110,8,0,0,2,7,7,22,30,30,31,31,30,30,15,2,1,0,0,0,0,0,0,0,0,0,0,1,47,62,98,151,218,232,222,177,137,83,60,42,39,49,95,147,213,221,200,118,74,32,55,28,35,43,37,36,35,43,45,57,53,59,46,38
2025,Deep Well,Sevilleta,34.335,-106.632004,1669,11,15.8,19.5,24.9,28.5,32.9,33.8,27.9,26.3,24.5,16.5,8.3,-6.1,-4.7,-3.8,8,10.2,10.6,16.1,16.2,12.5,3.6,1,-6.3,2.5,5.5,7.8,16.4,19.4,21.8,24.9,22,19.4,14,8.7,1,6,4,6,20,15,7,52,154,44,4,20,16,10.1,13.5,18.6,23.2,26.4,28.3,25.5,22.6,19.8,16,11.1,9.6,38,15,7,0,0,0,0,0,0,0,4,52,17,45,97,343,443,502,617,527,431,282,120,10,484,345,317,77,32,11,1,7,33,137,278,525,0,0,0,23,69,119,216,127,74,8,0,0,3,4,5,29,31,30,31,31,30,25,17,3,1,0,0,0,0,0,0,0,0,0,0,3,44,63,104,138,179,210,205,143,119,103,55,34,38,60,98,118,164,204,154,0,75,99,35,18,43,37,33,51,48,41,52,66,59,41,52,49
2026,Deep Well,Sevilleta,34.335,-106.632004,1669,10.7,14.2,17.5,24.9,29.5,32.3,37.7,36.7,30.1,23.9,16.3,12.1,-7.6,-4.1,2.2,3.5,10,15,18.2,17.5,12.6,7.1,0.5,-3.6,1.6,5.1,9.8,14.2,19.8,23.7,27.9,27.1,21.3,15.5,8.4,4.2,3,31,24,3,20,20,20,32,53,31,10,12,10.2,13.4,18.2,23.5,26.4,28,25.5,22.9,19.8,15.7,11.2,9.6,47,17,4,0,0,0,0,0,0,0,4,23,12,38,154,277,456,559,709,683,488,326,112,33,512,358,256,130,28,5,0,1,18,101,288,425,0,0,0,8,79,174,308,282,116,14,0,0,2,5,21,24,31,30,31,31,30,29,16,6,0,1,0,0,0,0,0,0,0,0,0,1,43,59,91,145,187,194,230,206,141,96,55,42,40,28,67,142,167,175,210,174,88,66,45,30,40,42,53,40,46,52,49,49,51,51,51,48
2027,Deep Well,Sevilleta,34.335,-106.632004,1669,9.8,13,14.7,20.7,29.6,34,34.3,32.3,27.7,25.3,16.8,10.6,-6.8,-1.7,-0.7,2.8,7,13.3,18,17.8,13.5,4.5,-0.4,-4.7,1.5,5.7,7,11.7,18.3,23.6,26.2,25,20.6,14.9,8.2,3,9,34,26,13,6,7,53,81,43,4,17,18,10,13.3,18.2,23.3,26.6,28.3,25.3,22.7,19.7,16,11.2,9.5,48,15,9,1,0,0,0,0,0,0,4,31,12,47,77,200,413,558,655,620,468,309,106,21,513,342,343,197,45,5,1,2,22,114,295,463,0,0,0,2,49,173,254,219,100,11,0,0,3,9,13,22,30,30,31,31,30,26,14,5,1,1,0,0,0,0,0,0,0,0,0,1,41,54,82,122,193,212,203,171,125,106,57,39,32,20,56,110,187,206,149,90,82,102,40,21,44,52,51,47,39,45,55,59,59,41,47,48
2028,Deep Well,Sevilleta,34.335,-106.632004,1669,9.6,11.4,17.2,25,32.6,35.5,35.1,27,29.9,25.7,15.1,11.3,-6.6,-3.4,1,3.6,9.7,13.6,17.9,15.1,12.4,4.3,-2,-4,1.5,4,9.1,14.3,21.2,24.5,26.5,21,21.1,15,6.5,3.7,16,31,20,6,11,4,75,119,17,9,14,16,10.1,13.4,18.4,23.6,26.6,28.2,25.4,22.6,19.9,15.9,11.2,9.5,48,23,5,0,0,0,0,0,0,0,8,26,12,26,132,280,498,586,665,497,483,311,70,28,513,389,278,127,18,3,1,11,19,112,344,442,0,0,0,8,114,199,264,105,112,12,0,0,3,6,18,24,31,30,31,31,30,26,9,6,2,2,0,0,0,0,0,0,0,0,1,1,40,50,91,145,210,223,210,141,140,108,53,40,24,19,71,140,199,219,134,22,123,99,39,24,45,51,50,40,39,42,53,65,51,40,46,49
2029,Deep Well,Sevilleta,34.335,-106.632004,1669,13.3,10.2,17.2,24.8,28.9,36.3,37,33.8,31.7,25.8,15.8,13.5,-4.9,-4.5,-1.3,6.6,8.6,14,15.9,15.7,10.8,5.7,-0.6,-5.6,4.2,2.9,7.9,15.7,18.8,25.2,26.5,24.7,21.2,15.8,7.6,4,3,24,15,11,23,4,15,39,8,14,17,2,10.1,13.3,18.5,23.4,26.5,28.3,25.5,22.9,19.9,15.9,11.1,9.6,24,30,7,0,0,0,0,0,0,0,5,24,32,17,100,321,426,604,663,611,487,334,92,31,431,420,314,93,39,3,1,2,18,94,312,433,0,0,0,16,57,218,262,210,115,16,0,0,5,4,11,29,30,30,31,31,30,28,13,3,0,3,0,0,0,0,0,0,0,0,0,0,49,47,93,140,185,229,232,190,154,106,55,46,46,23,78,129,162,224,216,151,146,93,37,43,42,50,43,47,44,42,45,51,43,43,49,39
2030,Deep Well,Sevilleta,34.335,-106.632004,1669,11,13.4,17.3,23.6,29.9,33,35.3,33.5,31.3,28.6,15.8,13.9,-6.4,-3.1,-0.1,4.9,9.4,13.5,16.9,17,10.9,3.7,-3.5,-6.7,2.3,5.1,8.6,14.3,19.7,23.3,26.1,25.2,21.1,16.1,6.2,3.6,7,22,13,10,14,12,27,52,9,1,6,16,9.9,13.4,18.3,23.4,26.5,28.2,25.5,22.8,19.8,16,11.3,9.5,39,17,6,0,0,0,0,0,0,0,9,27,16,39,117,279,453,548,652,625,481,346,63,27,488,357,294,128,29,6,1,1,19,86,356,443,0,0,0,8,77,163,251,225,111,19,0,0,3,6,14,27,31,30,31,31,30,25,6,2,1,1,0,0,0,0,0,0,0,0,0,1,44,56,92,136,191,205,215,183,152,120,56,47,37,34,80,126,177,192,189,131,143,119,50,31,43,47,47,46,44,47,50,55,44,34,40,36
2031,Deep Well,Sevilleta,34.335,-106.632004,1669,8.8,15.5,18,23.6,26.2,35,36.5,33.6,29.7,24.4,19.5,9.9,-6.3,-4.7,-1.5,3.6,9.9,12.5,16.3,15.9,15,7.1,1.3,-5.8,1.3,5.4,8.3,13.6,18.1,23.8,26.4,24.8,22.3,15.8,10.4,2,8,3,12,8,34,5,26,51,45,13,10,23,10,13.5,18.3,23.4,26.2,28.4,25.6,22.9,19.8,15.7,11.2,9.5,51,16,6,0,0,0,0,0,0,0,2,39,11,43,109,260,404,562,661,612,519,335,166,15,521,348,303,146,49,5,1,2,13,94,229,492,0,0,0,6,44,177,260,211,141,16,0,0,3,4,11,24,31,30,31,31,30,30,18,3,1,0,0,0,0,0,0,0,0,0,0,3,39,63,97,138,162,222,227,188,133,99,64,38,31,60,85,130,128,218,200,137,88,86,54,14,48,38,41,43,53,41,47,52,58,50,46,47
2032,Deep Well,Sevilleta,34.335,-106.632004,1669,8.1,11.4,16.7,23.2,27.6,26.5,34.8,34.1,31.2,28.7,18.1,10.2,-6,-3,0.1,3.3,11,14.4,17.4,15.8,13.1,6.2,1.7,-5.4,1,4.2,8.4,13.2,19.3,20.5,26.1,24.9,22.1,17.5,9.9,2.4,14,18,14,11,26,68,38,26,15,5,15,16,10,13.3,18.3,23.5,26.2,27.6,25.5,22.9,19.9,15.9,11.1,9.5,53,22,6,1,0,0,0,0,0,0,2,36,10,28,111,248,442,463,654,617,513,386,152,18,528,382,300,156,33,18,1,2,13,60,244,480,0,0,0,5,69,91,253,216,136,33,0,0,3,6,15,24,31,30,31,31,30,29,19,4,2,1,0,0,0,0,0,0,0,0,0,1,37,50,90,136,170,150,209,192,146,118,60,38,23,32,76,125,144,82,172,166,131,114,45,22,51,52,49,43,52,64,53,50,50,39,50,47
2033,Deep Well,Sevilleta,34.335,-106.632004,1669,4.4,10,16.8,22,30.1,37.2,36.6,31.9,30.3,26.8,20.7,10.3,-7.5,-4.4,-0.6,3.7,4.3,12.4,17.9,16.8,12.7,5.7,-3.1,-7.3,-1.5,2.8,8.1,12.8,17.2,24.8,27.3,24.4,21.5,16.2,8.8,1.5,28,8,15,11,5,1,35,60,43,4,1,21,10,13.5,18.3,23.4,26.8,28.3,25.4,22.8,19.9,16,11.4,9.6,95,31,7,1,0,0,0,0,0,0,4,46,12,37,130,238,379,592,688,599,495,348,137,27,607,422,309,167,62,3,0,2,16,84,276,510,0,0,0,4,32,206,287,199,122,20,0,0,2,4,13,25,26,30,31,31,30,28,7,2,10,1,0,0,0,0,0,0,0,0,0,3,0,47,91,128,200,239,223,172,142,111,69,39,0,39,75,118,195,238,188,112,99,107,68,18,56,51,47,46,33,37,50,58,51,41,32,41
2034,Deep Well,Sevilleta,34.335,-106.632004,1669,11.3,15.6,16.1,23.8,30.8,36.6,36.2,37.5,29.9,26.5,16.7,9.8,-5.7,-4.6,-1.5,6.7,9.7,12.2,16.9,16.2,14.4,7.2,0,-5.3,2.8,5.5,7.3,15.3,20.3,24.4,26.6,26.8,22.2,16.8,8.4,2.3,5,5,18,28,15,4,20,10,67,17,16,21,10.1,13.5,18.3,23.3,26.5,28.3,25.5,22.9,19.7,15.9,11.2,9.5,35,15,9,0,0,0,0,0,0,0,4,37,20,45,84,309,471,581,666,675,514,367,110,17,473,346,333,102,24,4,1,1,13,71,290,485,0,0,0,14,91,195,265,274,137,26,0,0,4,4,11,29,31,30,31,31,30,30,15,4,0,0,0,0,0,0,0,0,0,0,0,2,44,63,88,134,196,235,222,216,136,108,57,37,39,58,71,106,182,232,203,206,69,91,41,16,44,38,46,50,43,37,49,44,56,45,49,49
2035,Deep Well,Sevilleta,34.335,-106.632004,1669,11.1,15.1,19.4,22.9,29.2,35.4,31.5,34.5,32,23.2,18.9,11.9,-5.5,-2.9,-0.5,5,11.1,14.7,18.3,17,12.5,5.9,-5,-4.7,2.8,6.1,9.4,13.9,20.2,25,24.9,25.7,22.2,14.5,6.9,3.6,5,5,8,17,25,14,153,26,24,35,1,30,10,13.5,18.3,23.2,26.4,28.2,25.3,22.9,19.8,15.8,11.4,9.5,34,13,5,0,0,0,0,0,0,0,7,27,20,54,142,270,468,600,616,641,515,297,78,27,473,330,268,137,25,3,1,1,13,124,332,444,0,0,0,7,89,213,216,241,138,9,0,0,4,7,13,27,31,30,31,31,30,28,4,5,0,0,0,0,0,0,0,0,0,0,0,2,44,61,102,131,181,220,177,191,153,95,64,42,39,56,94,115,156,205,25,165,129,60,64,11,45,44,41,48,49,45,62,52,47,49,31,46
2036,Deep Well,Sevilleta,34.335,-106.632004,1669,10.9,9.8,22.2,25.9,30.9,35.8,37.6,36.5,33.7,26.8,19.9,10.3,-4.1,-4.8,2.2,4.3,9.9,14.9,19.4,16.4,10.6,3.3,-1.9,-5.7,3.4,2.5,12.2,15.1,20.4,25.4,28.5,26.5,22.2,15.1,9,2.3,14,11,5,7,22,10,37,21,4,4,5,22,10,13.5,18.4,23.5,26.4,28.2,25.5,22.9,20,16,11.3,9.6,30,34,2,0,0,0,0,0,0,0,3,37,24,15,227,303,475,610,726,664,514,314,127,17,455,431,187,107,23,2,0,1,13,110,271,484,0,0,2,12,95,223,325,263,137,12,0,0,6,4,22,26,31,30,31,31,30,24,10,3,1,1,0,0,0,0,0,0,0,0,0,2,43,46,113,150,197,223,226,208,166,113,66,38,29,35,108,143,175,213,189,187,162,109,61,16,50,50,42,40,43,45,51,47,39,36,37,46
2037,Deep Well,Sevilleta,34.335,-106.632004,1669,11.7,10.9,18,24.3,31,34.7,35.5,32.7,32.3,28.3,16.4,9.1,-7,-4.9,-0.9,5.5,8.5,13.4,17.8,17.2,10.7,6.7,1.4,-6.8,2.3,3,8.6,14.9,19.8,24,26.6,24.9,21.5,17.5,8.9,1.1,3,39,10,17,5,8,37,80,9,10,23,27,10.1,13.4,18.4,23.3,26.7,28.2,25.4,22.7,20.1,15.8,11.1,9.6,39,29,6,0,0,0,0,0,0,0,3,49,16,18,117,299,456,571,669,616,494,387,125,11,488,416,294,111,28,4,1,2,17,59,274,519,0,0,0,12,79,185,268,216,121,34,0,0,3,4,12,27,30,30,31,31,30,29,18,2,0,4,0,0,0,0,0,0,0,0,0,4,45,50,96,139,200,218,213,176,158,116,55,36,42,10,86,122,195,210,176,96,149,106,32,9,39,47,43,46,40,43,52,57,42,41,53,46
2038,Deep Well,Sevilleta,34.335,-106.632004,1669,7.6,12.2,18.9,18.6,26.7,28.8,33.1,35.2,29.2,24.2,17.6,10.6,-5.7,-4.6,0.3,4.8,10,12.7,15.5,17.2,12.7,8.1,0.8,-5.3,0.9,3.8,9.6,11.7,18.3,20.7,24.3,26.2,21,16.2,9.2,2.7,15,15,11,35,26,28,29,38,38,25,12,12,10,13.5,18.4,23,26.3,28.1,25.5,22.8,19.8,15.8,11.2,9.5,55,24,4,1,0,0,0,0,0,0,3,34,10,24,147,201,413,472,597,655,478,346,132,19,531,393,262,197,45,16,2,1,20,85,266,473,0,0,0,2,49,96,196,254,108,19,0,0,4,4,16,27,31,30,31,31,30,30,17,4,3,1,0,0,0,0,0,0,0,0,0,1,36,53,99,108,166,174,202,196,136,97,59,39,21,38,88,73,140,146,173,158,98,71,47,27,53,45,45,57,52,54,52,51,53,53,49,47
2039,Deep Well,Sevilleta,34.335,-106.632004,1669,8.6,10.4,14,27.5,30.6,35.8,37.6,31.4,32.6,24.8,16.5,11.4,-8.2,-6.2,-2,4.5,8.8,12,18.8,15.6,12.8,4.1,-0.3,-5,0.2,2.1,6,16,19.7,23.9,28.2,23.5,22.7,14.4,8.1,3.2,10,17,11,5,17,5,26,49,21,9,12,13,10,13.4,18.4,23.5,26.7,28.3,25.4,22.8,20,15.9,11.1,9.5,65,37,13,0,0,0,0,0,0,0,5,29,7,13,57,330,454,566,716,573,529,294,103,24,554,441,374,86,29,4,0,3,11,127,299,455,0,0,0,19,78,180,315,173,149,9,0,0,2,2,9,26,30,30,31,31,30,26,14,4,2,3,0,0,0,0,0,0,0,0,0,1,38,49,80,159,197,229,228,172,156,104,56,41,28,32,68,154,180,224,202,123,135,95,44,28,43,45,49,37,41,38,50,56,46,41,48,46
2040,Deep Well,Sevilleta,34.335,-106.632004,1669,11.5,14.4,20.1,24.4,29.9,34.4,34.2,31.2,29.6,25.8,17.7,8.7,-9.2,-6.8,-1.1,3.9,8.7,14.1,18.1,16.4,12.2,2.8,-2.3,-7.4,1.2,3.8,9.5,14.2,19.3,24.3,26.2,23.8,20.9,14.3,7.7,0.6,4,12,9,6,13,6,74,85,26,8,9,9,10.1,13.4,18.5,23.5,26.5,28,25.4,22.8,19.8,15.9,11.2,9.6,52,24,4,0,0,0,0,0,0,0,5,56,11,24,143,277,442,578,654,581,476,290,94,9,524,393,266,130,33,4,1,3,20,131,310,535,0,0,0,8,68,192,253,180,107,9,0,0,1,2,12,25,30,30,31,31,30,23,9,2,1,1,0,0,0,0,0,0,0,0,0,2,45,60,105,142,192,214,201,168,139,109,61,35,41,48,96,136,179,208,127,83,113,101,52,26,34,34,38,42,42,46,56,58,51,37,40,45
2041,Deep Well,Sevilleta,34.335,-106.632004,1669,11.4,11.9,17,26.1,29.7,35,36.5,36.8,30,23.7,21.7,11.4,-5.3,-4.7,-0.1,5,9.7,12.9,17.1,16.2,13.1,8,-0.3,-11.3,3.1,3.6,8.4,15.5,19.7,23.9,26.8,26.5,21.6,15.8,10.7,0,10,18,11,8,19,6,27,14,20,46,1,3,10,13.4,18.3,23.5,26.4,28.3,25.5,22.9,19.8,15.8,11.3,9.6,32,25,6,0,0,0,0,0,0,0,2,65,21,22,113,317,455,568,673,665,496,337,175,7,466,400,298,96,29,4,1,1,16,92,219,555,0,0,0,15,78,182,272,264,123,17,1,0,4,4,15,27,31,30,31,31,30,30,14,1,1,1,0,0,0,0,0,0,0,0,0,1,44,52,91,150,189,221,224,211,140,95,71,41,35,34,80,142,169,215,197,197,119,48,70,37,45,45,48,41,45,42,48,46,52,53,37,29
2042,Deep Well,Sevilleta,34.335,-106.632004,1669,9.5,13.6,16.8,22.7,28.6,35.8,37.7,31.3,30.1,28.8,17.8,8.2,-8.8,-4.6,-2.6,4.5,10.3,14.6,19.6,16.6,13.5,6.4,-0.1,-5.7,0.3,4.5,7.1,13.6,19.4,25.2,28.6,23.9,21.8,17.6,8.8,1.2,12,7,12,12,27,12,37,69,45,5,15,23,10,13.5,18.4,23.3,26.5,28.2,25.4,22.8,19.9,15.9,11.2,9.5,63,20,9,0,0,0,0,0,0,0,3,48,21,56,109,261,446,604,731,586,502,391,138,26,550,374,339,145,32,3,0,3,15,57,275,517,0,0,0,6,71,217,329,185,127,36,0,0,1,4,8,26,31,30,31,31,30,29,14,3,2,0,0,0,0,0,0,0,0,0,0,3,40,57,92,132,179,223,226,168,139,119,60,34,29,51,80,119,152,211,189,99,94,113,45,11,39,42,41,47,48,44,52,58,53,39,46,52
2043,Deep Well,Sevilleta,34.335,-106.632004,1669,10.9,14,16.2,25.9,28.9,30.7,35.1,29.8,27.5,25.9,16.7,10.9,-7.6,-3.1,0.5,5.6,8.2,14.1,18.9,16.7,13.9,6.2,0.7,-4.7,1.7,5.5,8.4,15.7,18.6,22.4,27,23.3,20.7,16.1,8.7,3.1,3,21,33,4,11,26,51,121,78,9,22,16,10.2,13.4,18.2,23.5,26.6,27.8,25.5,22.7,19.7,15.9,11.2,9.6,46,15,6,0,0,0,0,0,0,0,4,30,13,44,111,323,419,522,681,565,469,344,119,22,509,347,301,91,42,8,0,4,22,87,280,459,0,0,0,17,53,138,280,165,102,19,0,0,2,6,16,28,30,30,31,31,30,29,16,5,0,1,0,0,0,0,0,0,0,0,0,1,44,58,87,149,186,185,206,156,122,107,56,39,41,37,54,144,175,159,155,35,44,97,34,24,39,45,51,43,43,53,56,62,60,44,50,48
2044,Deep Well,Sevilleta,34.335,-106.632004,1669,10,13.1,17.7,22.1,30.7,34.9,35.9,32.2,29.9,26.6,17.3,11.6,-5,-2.5,-0.5,4.7,10.6,14.2,19.5,16.1,12.1,7.3,0.7,-5.7,2.5,5.3,8.6,13.4,20.7,24.5,27.7,24.1,21,17,9,2.9,9,12,11,14,18,12,38,67,26,12,21,5,10,13.4,18.4,23.3,26.5,28.2,25.4,22.8,19.9,15.7,11.2,9.6,37,16,6,0,0,0,0,0,0,0,3,32,18,41,117,255,483,584,702,592,480,371,127,21,483,352,294,150,21,3,0,2,19,69,271,464,0,0,0,6,101,198,301,191,110,27,0,0,5,7,13,26,31,30,31,31,30,30,17,3,1,0,0,0,0,0,0,0,0,0,0,0,41,55,94,128,194,217,211,176,141,108,58,41,32,42,83,114,175,205,172,109,116,97,37,37,49,49,45,49,45,45,55,55,50,45,49,43
2045,Deep Well,Sevilleta,34.335,-106.632004,1669,12.9,16.6,16.6,24.8,32.1,36.4,35.9,36,30.1,24.1,19.5,11.2,-4.3,-1.4,-2.1,2.9,7.8,12.1,18.1,17.8,11.7,6.7,-0.8,-6.2,4.3,7.6,7.3,13.8,19.9,24.2,27,26.9,20.9,15.4,9.3,2.5,13,15,6,8,4,3,50,29,31,21,7,12,9.9,13.4,18.5,23.5,26.7,28.3,25.4,22.9,19.9,15.8,11.2,9.6,23,9,9,0,0,0,0,0,0,0,3,35,34,84,83,267,460,576,680,677,477,324,136,18,427,288,335,139,27,4,1,1,20,102,261,478,0,0,0,7,83,190,279,276,107,14,0,0,6,10,9,23,30,30,31,31,30,29,12,3,1,0,0,0,0,0,0,0,0,0,0,1,48,65,91,145,209,233,215,200,143,98,65,40,35,50,85,137,204,230,166,172,112,77,57,29,45,45,43,39,36,38,52,51,49,49,40,43
2046,Deep Well,Sevilleta,34.335,-106.632004,1669,12,17.8,19.2,25.2,28.6,33.2,36.2,36.7,29.3,23.2,15.8,7.5,-8.1,-5,-2.2,2.9,8.7,13.5,18.7,15.4,14.4,6.4,-1.8,-8,1.9,6.4,8.5,14,18.7,23.4,27.4,26,21.8,14.8,7,-0.3,1,5,20,3,24,24,28,11,52,11,10,25,10.1,13.6,18.4,23.6,26.5,28.1,25.5,23,19.6,15.9,11.2,9.6,43,12,6,0,0,0,0,0,0,0,7,69,14,60,114,273,423,550,693,650,503,306,79,6,500,321,297,134,40,5,0,1,15,117,330,563,0,0,0,7,55,165,292,250,128,11,0,0,2,4,9,23,30,30,31,31,30,29,10,2,0,0,0,0,0,0,0,0,0,0,0,6,46,69,102,147,183,206,216,213,132,95,55,0,45,64,82,144,159,183,188,201,80,84,45,0,36,33,37,38,45,47,53,44,57,51,45,46
2047,Deep Well,Sevilleta,34.335,-106.632004,1669,11.1,14.1,18.4,25.5,29.1,36.5,35.2,37.7,32.6,25,20.3,14.3,-4.9,-1.7,-0.8,3.5,9.9,13.8,19.1,15.9,13.8,7.6,-2.2,-6.2,3.1,6.2,8.8,14.5,19.5,25.2,27.1,26.8,23.2,16.3,9,4,6,20,10,5,17,7,52,9,22,22,2,7,10.1,13.4,18.5,23.5,26.3,28.2,25.5,23,19.8,15.9,11.3,9.6,32,13,6,0,0,0,0,0,0,0,3,24,22,56,123,287,447,605,684,674,545,351,128,31,464,326,288,121,31,3,0,1,9,82,270,431,0,0,0,10,72,218,283,273,161,21,0,0,5,9,12,24,31,30,31,31,30,30,9,3,0,0,0,0,0,0,0,0,0,0,0,0,43,57,98,149,183,231,206,219,153,101,68,47,37,37,88,144,167,224,153,209,131,78,65,41,47,49,43,39,47,41,56,43,49,49,35,36
2048,Deep Well,Sevilleta,34.335,-106.632004,1669,15.7,11.1,16.6,26,32.8,36.2,35.3,33.9,33.2,25.7,16.9,10.4,-6.5,-4.4,0.2,7,10.3,14.3,17.7,17,11,8.1,2.6,-4.4,4.6,3.3,8.4,16.5,21.5,25.3,26.5,25.4,22.1,16.9,9.8,3,2,28,16,11,10,5,34,38,4,20,22,14,10.1,13.3,18.2,23.4,26.6,28.2,25.3,22.8,20,15.8,11.1,9.5,22,27,6,0,0,0,0,0,0,0,3,31,37,20,112,344,509,607,663,632,512,369,148,22,419,407,300,76,16,2,1,1,14,70,248,462,0,0,0,24,123,220,262,231,136,26,0,0,3,4,16,29,31,30,31,31,30,30,22,5,0,2,0,0,0,0,0,0,0,0,0,1,55,50,89,147,210,227,212,186,162,103,55,38,53,22,73,136,200,223,178,148,158,83,33,24,33,48,50,46,40,43,52,54,41,49,56,50
2049,Deep Well,Sevilleta,34.335,-106.632004,1669,10.9,12.2,16.9,24.1,28.9,34.2,37,36.4,33.3,22.7,15.2,8.9,-4.3,-3.3,0.1,5.2,9.2,16.5,17,17.9,11.5,6.5,0.7,-5.2,3.3,4.5,8.5,14.7,19.1,25.3,27,27.2,22.4,14.6,7.9,1.9,14,29,14,13,16,21,6,33,7,30,23,21,10,13.4,18.3,23.4,26.5,28,25.5,22.9,20,15.8,11.1,9.5,30,20,6,0,0,0,0,0,0,0,5,41,24,31,115,291,434,609,681,685,521,299,100,14,458,375,297,117,36,2,0,1,12,123,302,497,0,0,0,10,63,222,280,285,142,10,0,0,6,6,15,27,31,30,31,31,30,29,17,4,1,1,0,0,0,0,0,0,0,0,0,2,43,53,90,138,183,204,229,203,162,92,52,35,29,24,76,126,168,183,223,170,154,63,29,15,49,49,49,46,45,52,47,50,42,52,54,51
2050,Deep Well,Sevilleta,34.335,-106.632004,1669,13.2,16.4,17.4,28.7,29.3,34.9,38.3,36.2,33.8,28.9,19.6,12.1,-4.9,-4.9,-0.8,7,11,12.8,17.7,17.3,13.9,6.2,-1.8,-5,4.2,5.7,8.3,17.8,20.2,23.9,28,26.7,23.9,17.5,8.9,3.6,2,3,14,5,26,6,10,28,31,2,5,20,10.1,13.5,18.3,23.5,26.4,28.3,25.5,22.9,19.9,16,11.2,9.5,24,14,6,0,0,0,0,0,0,0,3,27,32,48,110,384,468,565,710,672,564,388,124,27,431,339,302,52,25,4,0,1,8,58,274,445,0,0,0,42,89,180,309,272,175,34,0,0,5,4,12,29,31,30,31,31,30,29,10,4,0,0,0,0,0,0,0,0,0,0,0,1,49,65,94,163,182,221,237,203,160,119,65,42,46,62,79,158,156,215,227,175,130,117,61,22,42,35,45,40,49,42,46,50,47,38,38,44
2051,Deep Well,Sevilleta,34.335,-106.632004,1669,7.5,13.7,18.6,24.7,30.1,38.2,38.3,36.1,32.2,29.4,19,12.4,-7.4,-2.3,-1.8,5.6,7.5,12.5,18,17.5,12.5,5.9,1.6,-4.4,0,5.7,8.4,15.1,18.8,25.3,28.1,26.8,22.4,17.6,10.3,4,21,8,5,19,4,2,17,32,17,4,15,18,9.9,13.4,18.4,23.3,26.6,28.3,25.5,22.9,19.9,15.9,11.2,9.5,68,15,6,0,0,0,0,0,0,0,2,24,19,73,137,305,427,609,715,674,520,392,172,53,559,340,300,105,39,2,0,1,12,57,232,431,0,0,0,13,58,222,314,273,142,36,0,0,2,8,10,28,30,30,31,31,30,28,19,5,5,0,0,0,0,0,0,0,0,0,0,1,36,57,99,141,196,247,236,202,154,122,62,43,15,48,94,122,192,245,219,169,137,118,47,25,48,48,40,45,39,35,47,50,46,37,48,45
2052,Deep Well,Sevilleta,34.335,-106.632004,1669,14.1,16.6,21,23.7,28.8,37.6,34.2,34.5,29.6,22.6,13.7,11.6,-3.3,0.5,0.7,5.1,10.1,13.3,18.1,16.3,9.8,8.6,-0.8,-5.7,5.4,8.6,10.8,14.4,19.4,25.5,26.2,25.4,19.7,15.6,6.5,2.9,8,19,3,10,30,0,121,15,12,60,15,18,10,13.3,18.5,23.5,26.4,28.4,25.4,22.9,19.9,15.6,11.2,9.5,18,7,3,0,0,0,0,0,0,0,8,32,48,108,184,283,446,613,654,630,441,330,68,21,394,260,224,124,32,2,1,1,30,98,347,464,0,0,1,9,71,226,253,229,80,15,0,0,7,15,17,27,31,30,31,31,30,30,12,3,0,0,0,0,0,0,0,0,0,0,1,1,50,63,108,137,181,240,202,193,144,89,49,41,42,44,105,126,150,240,81,178,131,29,34,24,45,50,41,46,48,38,56,51,45,58,53,43
2053,Deep Well,Sevilleta,34.335,-106.632004,1669,9.2,13.1,18.9,26.8,31.2,39.3,34.6,35.6,32.1,27,21.6,12.4,-5.5,-2.5,0,5.6,8.3,16.8,19.5,18,13.4,6.1,-1.4,-5.6,1.9,5.3,9.5,16.2,19.8,28.1,27,26.8,22.8,16.5,10.1,3.4,19,23,5,9,7,6,63,42,22,6,4,10,10,13.4,18.4,23.3,26.7,28.2,25.3,22.9,19.9,15.8,11.3,9.6,44,16,5,0,0,0,0,0,0,0,2,28,14,42,143,337,456,692,681,674,532,358,158,25,502,351,267,81,28,1,0,1,11,77,238,449,0,0,0,21,79,302,280,273,152,23,0,0,4,8,15,28,30,30,31,31,30,29,11,4,2,1,0,0,0,0,0,0,0,0,0,1,39,55,99,154,202,246,199,196,152,111,71,43,20,31,94,145,195,240,136,154,130,105,67,33,50,50,44,41,39,42,58,52,49,42,35,42
2054,Deep Well,Sevilleta,34.335,-106.632004,1669,9.1,12.5,17.7,23,29.6,35.9,37,33,26.7,25.7,19.1,9.3,-6.4,-2.7,1,4.8,10.1,9.9,16.9,17.7,13.5,8.1,2.6,-6.3,1.3,4.9,9.4,13.9,19.9,22.9,26.9,25.3,20.1,16.9,10.8,1.5,22,14,25,16,29,1,25,64,67,16,14,16,10,13.4,18.3,23.3,26.4,28.4,25.5,22.7,19.6,15.8,11.1,9.6,50,18,5,0,0,0,0,0,0,0,2,45,11,36,140,267,459,536,678,629,453,368,178,12,519,364,269,139,28,7,1,1,26,70,216,509,0,0,0,7,81,152,277,229,89,26,1,0,3,7,18,26,31,30,31,31,30,30,21,3,3,1,0,0,0,0,0,0,0,0,0,2,39,53,93,132,187,234,230,177,119,103,62,36,17,39,68,117,158,233,204,113,51,87,47,21,47,50,49,47,46,34,47,58,61,49,50,47
2055,Deep Well,Sevilleta,34.335,-106.632004,1669,9.7,15,17.6,24.2,27,32.4,31.5,34.5,30.7,25.7,18.5,12.5,-5.6,-1.4,-0.1,5.3,10,14.5,18,15.5,14.6,7.8,0.2,-8.2,2.1,6.8,8.8,14.8,18.5,23.5,24.8,25,22.6,16.8,9.4,2.2,17,25,7,14,27,17,83,40,33,20,7,4,10,13.3,18.5,23.2,26.4,28.1,25.3,22.9,19.7,15.8,11.2,9.6,41,11,6,0,0,0,0,0,0,0,3,38,15,67,123,294,418,554,612,619,528,365,137,16,496,310,288,115,43,5,1,2,11,72,260,488,0,0,0,11,52,169,211,218,148,25,0,0,4,10,15,27,31,30,31,31,30,30,15,2,2,0,0,0,0,0,0,0,0,0,0,0,40,60,94,139,168,197,179,196,140,104,62,44,23,34,87,125,141,180,96,156,107,84,54,40,48,48,46,46,51,51,62,49,55,48,45,35
2056,Deep Well,Sevilleta,34.335,-106.632004,1669,10.5,13.2,16.6,20.3,24.9,32.1,36.7,33.6,32.1,24.7,17.1,9.4,-3.3,-1.1,2.5,5,9.6,12.3,18.1,18.3,12.7,7.5,-1.5,-6.8,3.6,6,9.5,12.6,17.3,22.2,27.4,25.9,22.4,16.1,7.8,1.3,25,30,35,22,44,9,25,80,10,28,2,38,9.8,13.3,18.2,23.2,26.2,28.3,25.5,22.7,20,15.8,11.3,9.5,28,13,4,1,0,0,0,0,0,0,5,48,26,53,145,231,381,515,692,648,520,344,97,12,450,331,265,172,61,9,0,1,12,87,306,515,0,0,0,4,33,132,291,247,142,19,0,0,7,11,22,27,31,30,31,31,30,30,11,2,2,1,0,0,0,0,0,0,0,0,0,6,41,54,86,117,154,200,223,180,153,100,59,37,17,24,51,95,110,192,198,100,143,72,57,0,53,54,56,54,55,46,50,57,47,50,43,45
2057,Deep Well,Sevilleta,34.335,-106.632004,1669,8.6,10.2,17.8,20.7,28.9,26.5,37.8,35.1,29.2,27.1,19.9,13.9,-5.8,-4.8,-0.3,4.8,9.7,13.9,18.4,18.5,14.6,8.3,-0.5,-6.8,1.4,2.7,8.8,12.7,19.3,20.2,28.1,26.8,21.9,17.7,9.7,3.5,10,38,9,25,14,46,22,55,46,13,4,7,10,13.4,18.5,23.2,26.6,27.7,25.5,22.8,19.8,15.9,11.2,9.6,49,32,6,1,0,0,0,0,0,0,3,27,12,16,123,235,441,455,713,674,505,393,147,26,517,424,288,169,33,20,0,1,15,56,249,445,0,0,0,4,68,86,312,273,130,37,0,0,4,4,14,26,31,30,31,31,30,30,13,2,2,4,0,0,0,0,0,0,0,0,0,0,38,48,95,120,182,152,231,190,131,109,66,46,27,10,86,95,169,106,208,135,85,96,62,39,50,49,45,52,46,63,49,55,58,47,40,36
2058,Deep Well,Sevilleta,34.335,-106.632004,1669,10.8,15.8,19.8,26.2,31.6,37.2,35.7,32.3,30.6,31.5,18.5,11.2,-5.2,-3.8,-4,2.4,6.1,12.4,18.6,17.7,14.4,7,-0.4,-4.4,2.8,6,7.9,14.3,18.8,24.8,27.1,25,22.5,19.2,9.1,3.4,15,3,3,4,4,1,42,84,39,4,14,12,10,13.5,18.5,23.4,26.7,28.4,25.5,22.7,19.8,16,11.2,9.5,35,13,7,0,0,0,0,0,0,0,3,28,20,53,98,279,427,593,685,618,523,440,129,25,474,331,316,128,38,3,0,2,12,35,269,449,0,0,0,8,58,207,284,217,145,64,0,0,4,5,5,21,29,30,31,31,30,29,14,5,1,0,0,0,0,0,0,0,0,0,0,1,43,63,105,153,208,239,212,172,140,130,62,40,28,60,102,150,204,239,171,88,100,125,48,28,46,40,32,35,34,37,54,59,54,36,44,48
2059,Deep Well,Sevilleta,34.335,-106.632004,1669,11.1,15.2,16.7,23.7,28.9,32.5,35.9,30.1,31.9,27.2,20,14.8,-8.2,-5.1,-0.3,4.7,10.8,17.4,19.1,17.3,13.5,6.2,-2.2,-6,1.4,5,8.2,14.2,19.9,25,27.5,23.7,22.7,16.7,8.9,4.4,1,13,14,9,29,31,54,93,21,12,3,5,10.1,13.4,18.3,23.4,26.5,27.9,25.4,22.6,19.9,15.9,11.3,9.6,49,17,7,0,0,0,0,0,0,0,3,22,12,38,107,276,459,598,697,580,529,363,124,36,516,359,305,130,27,3,0,3,11,74,274,419,0,0,0,8,81,211,296,179,149,24,0,0,2,3,14,26,31,30,31,31,30,29,9,3,0,0,0,0,0,0,0,0,0,0,0,0,44,62,90,137,180,187,212,156,150,112,67,49,42,49,76,128,151,156,158,63,128,100,63,43,37,37,48,45,49,58,54,63,49,42,36,36
2060,Deep Well,Sevilleta,34.335,-106.632004,1669,13.1,16.1,22.4,25.4,32.9,36.3,38.9,35.7,30.9,26.8,19.9,15.3,-5.8,-5.3,0.9,5.7,10.9,15.6,19.6,16.9,12.6,7.9,2.1,-6.4,3.6,5.4,11.6,15.6,21.9,25.9,29.2,26.3,21.7,17.4,11,4.4,7,4,10,13,6,10,16,24,30,21,8,0,10,13.6,18.4,23.3,26.5,28.2,25.5,22.9,19.8,15.7,11.2,9.7,28,16,2,0,0,0,0,0,0,0,2,21,26,43,206,317,519,627,748,658,500,383,183,36,448,349,202,96,14,2,0,1,16,61,211,418,0,0,1,16,132,239,347,258,126,32,1,0,4,3,18,28,31,30,31,31,30,30,20,3,0,0,0,0,0,0,0,0,0,0,0,0,49,64,114,145,209,224,236,201,146,108,65,50,41,61,104,132,203,215,220,177,116,87,56,49,40,35,39,44,41,45,49,50,49,46,47,34
2061,Deep Well,Sevilleta,34.335,-106.632004,1669,15.7,14.7,19.1,27.5,35.9,38.6,33.4,32.3,31.4,29.1,21.6,10,-4.8,-3.8,1.4,6.3,11.6,15,18.7,16.9,14.4,6.3,-0.3,-5.6,5.5,5.5,10.2,16.9,23.7,26.8,26,24.6,22.9,17.7,10.6,2.2,12,11,13,7,3,2,84,81,23,7,8,29,10.1,13.4,18.3,23.5,26.5,28.2,25.3,22.8,19.8,15.9,11.3,9.5,17,15,4,0,0,0,0,0,0,0,2,38,50,44,167,356,576,653,651,606,535,393,172,16,391,347,242,68,7,1,1,2,10,56,222,488,0,0,0,28,183,265,250,205,154,36,1,0,5,5,19,28,31,30,31,31,30,29,14,3,0,0,0,0,0,0,0,0,0,0,0,3,55,60,99,157,230,244,192,175,145,120,70,38,43,49,86,150,227,242,108,94,122,113,63,9,37,42,47,41,38,40,59,57,53,38,38,47
2062,Deep Well,Sevilleta,34.335,-106.632004,1669,11.1,14.5,18.4,26.2,28.9,34,36.4,36,33.3,26.7,20.2,10.3,-4.1,-1.7,0.3,6.8,9.9,13.5,18.9,17.5,11.9,8.7,1.4,-4.5,3.5,6.4,9.3,16.5,19.4,23.8,27.7,26.8,22.6,17.7,10.8,2.9,12,21,16,16,23,15,33,35,11,19,7,32,10,13.4,18.4,23.4,26.4,28.1,25.4,22.9,20,15.9,11.3,9.5,29,12,5,0,0,0,0,0,0,0,2,32,25,59,138,345,445,562,700,673,528,394,178,21,451,322,271,76,32,5,0,1,11,56,216,465,0,0,0,24,71,176,299,272,148,37,1,0,6,9,16,29,31,30,31,31,30,30,19,5,1,0,0,0,0,0,0,0,0,0,0,2,43,58,97,148,182,212,218,201,162,107,66,38,32,38,81,132,159,197,185,167,150,88,59,6,49,49,46,45,47,45,53,50,43,48,44,50
2063,Deep Well,Sevilleta,34.335,-106.632004,1669,9,15.6,18.8,25.6,29.8,34.7,36.3,37.3,33.4,28.3,16.7,10.4,-5.7,-2.1,0.4,5.9,8.9,13.4,20.1,18.9,10.5,6.9,0.2,-5.5,1.6,6.8,9.6,15.8,19.4,24,28.2,28.1,22,17.6,8.4,2.5,14,16,7,9,21,7,50,28,7,8,19,8,10,13.4,18.4,23.4,26.4,28.2,25.3,22.9,20,16,11.2,9.6,46,11,4,0,0,0,0,0,0,0,4,36,13,67,146,324,444,571,717,713,508,390,112,18,510,311,263,91,32,4,0,0,14,58,287,479,0,0,0,17,70,185,316,312,132,35,0,0,4,8,16,28,31,30,31,31,30,29,15,4,2,0,0,0,0,0,0,0,0,0,0,1,39,62,99,146,191,217,212,206,164,116,56,39,25,46,91,137,170,211,162,178,157,108,37,31,50,45,45,44,43,44,56,51,40,41,49,47
2064,Deep Well,Sevilleta,34.335,-106.632004,1669,11.5,15.8,15.4,23,30.7,36.4,36.4,35.3,28.1,27,20.3,11.3,-5.7,-3.9,0.8,5.5,11,14.3,18.2,18.8,14.3,6,-0.8,-4.5,2.9,5.9,8.1,14.2,20.8,25.3,27.3,27,21.2,16.5,9.7,3.4,12,3,36,19,15,9,32,50,77,4,3,21,10.1,13.5,18.1,23.3,26.5,28.3,25.5,22.8,19.7,15.9,11.2,9.5,34,14,7,0,0,0,0,0,0,0,3,28,20,51,105,278,488,609,689,680,486,358,147,25,470,334,308,129,20,2,0,1,18,77,249,450,0,0,0,8,106,222,288,280,114,23,0,0,4,5,17,27,31,30,31,31,30,29,12,5,1,0,0,0,0,0,0,0,0,0,0,1,45,63,83,131,193,229,220,191,125,111,67,40,33,60,47,112,178,220,188,141,48,108,65,20,44,39,54,49,46,42,51,55,60,42,39,47
2065,Deep Well,Sevilleta,34.335,-106.632004,1669,13.9,16,21.1,27.4,29.6,33.9,40.2,35.3,34.2,28.2,21.1,10.6,-4.6,-3.9,-1.1,4.1,8.8,14.4,18.9,19.1,14.9,9.1,0.3,-3.4,4.7,6.1,10,15.7,19.2,24.2,29.5,27.2,24.6,18.7,10.7,3.6,3,6,6,3,24,13,6,68,23,16,5,42,10.1,13.4,18.3,23.6,26.5,28.2,25.5,22.8,19.9,15.9,11.3,9.4,21,13,4,0,0,0,0,0,0,0,2,26,38,54,158,322,439,574,758,686,585,422,174,27,416,330,251,92,34,4,0,1,6,42,220,443,0,0,0,17,66,188,357,285,199,53,1,0,5,5,12,25,30,30,31,31,30,31,15,7,0,0,0,0,0,0,0,0,0,0,0,2,50,64,110,159,190,209,250,190,161,113,69,38,48,58,104,156,166,196,244,122,138,97,64,0,41,39,36,37,43,47,45,56,48,46,40,53
2066,Deep Well,Sevilleta,34.335,-106.632004,1669,10.8,11.7,17.5,26.1,31.2,36.6,37.8,32.7,29.5,23.7,17.1,13.5,-3,-3.2,-1.2,3,8.7,14.5,16.4,17.8,15.1,6.5,1.1,-5.9,3.9,4.2,8.1,14.6,20,25.6,27.1,25.2,22.3,15.1,9.1,3.8,27,25,10,2,10,10,9,61,42,30,12,12,9.8,13.4,18.5,23.6,26.6,28.2,25.6,22.8,19.7,15.9,11.1,9.6,26,21,7,0,0,0,0,0,0,0,3,25,29,28,104,288,462,616,682,626,519,314,130,29,439,382,309,120,27,2,0,1,13,110,268,437,0,0,0,10,83,229,281,225,141,12,0,0,8,6,11,23,30,30,31,31,30,29,17,3,2,1,0,0,0,0,0,0,0,0,0,1,42,51,94,153,201,230,237,174,131,97,57,46,15,26,84,150,191,220,228,113,89,67,45,34,54,51,43,37,40,42,44,58,59,50,50,38
2067,Deep Well,Sevilleta,34.335,-106.632004,1669,12.5,13.1,17.8,25.7,27.3,34.8,32.7,32.6,27.7,24.2,19.4,11.7,-4.6,-1,1.5,6.7,9,15.3,19.1,18.4,14.9,9.4,-0.8,-5.4,3.9,6,9.6,16.2,18.2,25.1,25.9,25.5,21.3,16.8,9.3,3.1,6,30,17,10,32,19,86,95,67,28,2,14,10,13.2,18.2,23.5,26.2,28.1,25.3,22.8,19.6,15.7,11.3,9.5,26,13,4,0,0,0,0,0,0,0,3,30,29,53,148,336,408,602,645,634,487,367,135,23,439,331,261,81,47,3,1,1,18,71,262,459,0,0,0,21,46,215,244,233,115,26,0,0,5,11,20,29,31,30,31,31,30,31,12,4,0,1,0,0,0,0,0,0,0,0,0,1,47,54,93,145,173,214,184,172,121,94,65,41,41,24,75,135,141,195,98,76,54,66,62,28,44,54,50,46,48,48,62,60,63,56,40,44
2068,Deep Well,Sevilleta,34.335,-106.632004,1669,9.3,13.1,17.4,22.9,31.7,37.1,37.8,38.1,32.2,27.2,20.3,10.6,-5.4,-2.1,0.2,5.3,10,15.5,16.9,17.7,13.6,6.4,0,-4.8,2,5.5,8.8,14.1,20.9,26.3,27.3,27.9,22.9,16.8,10.2,2.9,26,25,8,24,9,14,13,21,34,9,11,12,10,13.3,18.4,23.2,26.5,28.2,25.5,22.9,19.9,15.9,11.2,9.5,43,15,6,0,0,0,0,0,0,0,2,32,14,45,122,274,489,638,691,707,535,365,160,21,499,345,288,132,20,2,0,0,10,73,235,466,0,0,0,8,106,250,290,306,154,25,0,0,4,8,15,27,31,30,31,31,30,29,15,4,3,1,0,0,0,0,0,0,0,0,0,1,40,55,92,131,202,232,236,216,151,112,67,39,14,30,85,107,193,217,223,196,118,102,56,27,49,51,48,48,42,43,45,47,49,42,41,48
2069,Deep Well,Sevilleta,34.335,-106.632004,1669,10.5,20.4,20.4,25.8,34.3,39.4,35.7,34.1,29.4,26.7,18,14.1,-6.8,-2,2,5.1,12.3,14.5,18.6,16.9,15.1,8.1,-0.8,-4.2,1.8,9.2,11.2,15.5,23.3,26.9,27.1,25.5,22.3,17.4,8.6,4.9,6,1,25,6,14,0,75,41,100,6,5,21,10.1,13.6,18.2,23.5,26.5,28.4,25.3,22.9,19.7,15.9,11.3,9.6,44,6,3,0,0,0,0,0,0,0,4,19,14,125,195,315,563,657,684,633,517,385,117,43,503,242,213,98,8,1,0,1,13,61,282,402,0,0,1,15,171,268,283,233,139,33,0,0,3,8,21,27,31,30,31,31,30,30,13,5,1,0,0,0,0,0,0,0,0,0,0,1,43,77,104,149,216,251,213,188,131,108,61,47,37,75,79,142,202,251,137,148,31,101,56,25,42,35,46,42,42,38,53,53,59,47,43,42
2070,Deep Well,Sevilleta,34.335,-106.632004,1669,9.4,13.2,17.1,24.4,32.9,39.5,36.2,34.1,32.3,28.5,16.9,14.7,-4.9,-2.8,0,4.7,9.4,16.9,18.4,17.9,14.3,6.8,-1.8,-5.9,2.2,5.2,8.5,14.6,21.1,28.2,27.3,26,23.3,17.7,7.6,4.4,21,11,8,12,9,8,38,74,25,6,6,9,10,13.4,18.2,23.5,26.7,28.2,25.4,22.8,20,15.9,11.3,9.6,40,16,6,0,0,0,0,0,0,0,5,22,16,40,116,289,497,695,689,650,548,392,92,36,491,354,295,120,18,1,0,1,9,56,313,419,0,0,0,10,114,305,288,249,163,36,0,0,5,7,15,26,31,30,31,31,30,29,10,3,2,0,0,0,0,0,0,0,0,0,0,0,39,55,92,141,212,247,217,185,151,117,58,48,18,44,83,129,204,239,179,111,126,111,52,39,51,48,47,44,38,42,52,56,50,40,43,36
2071,Deep Well,Sevilleta,34.335,-106.632004,1669,10.6,13.4,16.3,22.3,31.8,36.3,37.6,34.7,29.9,27.6,19.2,12.7,-6.4,-4.4,0.1,5.3,11.1,15.6,19.7,17.6,14.9,6,-0.3,-5.2,2.1,4.5,8.2,13.8,21.5,25.9,28.6,26.1,22.4,16.8,9.4,3.7,18,11,30,14,14,9,41,56,56,3,10,9,10,13.5,18.2,23.3,26.5,28.2,25.4,22.8,19.8,16,11.2,9.6,41,20,7,0,0,0,0,0,0,0,3,26,15,32,106,266,507,627,730,654,521,366,139,28,495,373,307,140,16,2,0,1,12,72,258,440,0,0,0,7,122,239,329,253,143,26,0,0,3,4,15,27,31,30,31,31,30,28,14,4,2,1,0,0,0,0,0,0,0,0,0,1,43,57,88,128,201,224,224,191,134,114,64,44,25,46,57,113,186,215,184,135,78,111,54,34,44,43,50,50,44,45,52,53,57,40,42,42
2072,Deep Well,Sevilleta,34.335,-106.632004,1669,13.6,15.8,20.2,25.1,33.7,38.2,38.8,34.9,33.1,27.7,16.7,11.9,-6.4,-2.9,0.4,5.1,11.6,15.4,19.7,17.1,14,10.2,2,-4.3,3.6,6.5,10.3,15.1,22.7,26.8,29.3,26,23.6,19,9.4,3.8,4,12,11,17,8,4,17,30,22,26,28,6,10.1,13.4,18.5,23.4,26.5,28.3,25.3,22.9,19.9,15.8,11.1,9.6,28,12,4,0,0,0,0,0,0,0,3,25,26,61,167,304,543,653,750,648,555,431,138,29,450,318,241,106,11,1,0,1,8,38,259,437,0,0,1,12,150,264,349,247,169,58,0,0,3,7,16,27,31,30,31,31,30,31,20,5,0,0,0,0,0,0,0,0,0,0,0,0,50,63,105,144,214,240,235,194,156,109,55,42,46,51,93,127,206,235,218,164,133,82,27,36,37,42,42,43,41,42,50,52,48,50,54,47
2073,Deep Well,Sevilleta,34.335,-106.632004,1669,12,13.5,22.7,28.2,32.5,38.2,37.2,32.3,28.8,24,17.2,7.8,-3.7,-4.5,-0.2,4.1,10.2,14.9,20.8,15.8,14.6,7.4,2.4,-5,4.2,4.5,11.2,16.2,21.3,26.6,29,24.1,21.7,15.7,9.8,1.4,11,6,5,3,9,3,39,68,65,28,27,35,9.9,13.5,18.4,23.5,26.5,28.3,25.2,22.8,19.7,15.9,11.1,9.4,24,20,3,0,0,0,0,0,0,0,3,47,32,31,195,336,503,646,742,590,500,332,149,12,432,374,212,82,17,1,0,2,16,96,248,512,0,0,1,21,118,258,341,189,126,16,0,0,7,4,14,25,31,30,31,31,30,30,21,4,1,0,0,0,0,0,0,0,0,0,0,5,45,57,116,164,207,241,217,179,129,97,56,33,35,50,111,160,198,239,178,111,64,69,30,0,48,43,36,35,41,40,56,54,59,51,54,55
2074,Deep Well,Sevilleta,34.335,-106.632004,1669,11.2,15,20.2,22.8,28.4,34.5,36.4,33.6,32,25.4,20,11.3,-4.2,-3.8,1.3,5.7,10.6,14.3,15.7,17.3,14.2,6.7,1.3,-4.3,3.5,5.6,10.7,14.3,19.5,24.4,26.1,25.5,23.1,16.1,10.6,3.5,9,3,16,19,23,10,7,68,24,31,4,25,10,13.6,18.3,23.3,26.4,28.3,25.6,22.8,19.9,15.8,11.3,9.4,29,15,3,0,0,0,0,0,0,0,2,27,25,46,181,279,447,583,651,633,541,344,173,26,451,343,228,128,31,3,1,1,10,87,222,447,0,0,1,8,72,196,250,232,159,19,1,0,6,5,19,28,31,30,31,31,30,29,18,5,1,0,0,0,0,0,0,0,0,0,0,2,44,61,104,130,177,214,228,183,149,104,65,40,35,58,88,111,153,204,221,116,125,73,62,15,49,41,44,49,50,46,45,55,51,46,45,48
2075,Deep Well,Sevilleta,34.335,-106.632004,1669,9.8,14.7,17,25.2,31.5,34.6,38.3,36.7,31,25,17.9,10.5,-4.6,0,0.1,5.9,8.6,14.7,20,17.2,15.1,7,1.8,-4.2,2.6,7.3,8.5,15.5,20,24.7,29.1,26.9,23,16,9.9,3.1,18,18,12,12,4,20,29,12,45,27,14,27,9.9,13.3,18.4,23.4,26.7,28.1,25.5,22.9,19.8,15.8,11.2,9.5,37,9,6,0,0,0,0,0,0,0,2,30,18,79,116,317,464,589,746,678,540,342,151,23,481,294,295,96,26,3,0,1,10,88,245,458,0,0,0,15,86,202,345,278,158,18,0,0,5,14,15,28,30,30,31,31,30,29,19,5,2,0,0,0,0,0,0,0,0,0,0,2,40,58,91,144,203,214,230,207,141,102,59,39,22,40,79,132,199,194,201,195,96,75,45,11,51,54,48,45,39,47,51,48,55,48,51,50
2076,Deep Well,Sevilleta,34.335,-106.632004,1669,13.3,17.9,19.6,24.7,28.1,35.2,37.5,38.6,33.3,26.1,19,10.8,-3.5,-3.6,0.5,6.3,12,13.4,17.6,17.3,13.5,8.9,1.7,-4.8,4.9,7.2,10,15.5,20.1,24.3,27.6,27.9,23.4,17.5,10.3,3,8,4,19,21,28,3,14,20,19,32,16,19,10,13.6,18.4,23.2,26.4,28.2,25.4,22.9,19.9,15.7,11.3,9.5,20,10,4,0,0,0,0,0,0,0,2,31,41,75,160,315,465,577,697,709,551,387,165,22,408,300,249,97,26,4,0,0,9,59,230,462,0,0,0,15,86,191,296,308,166,34,0,0,7,6,16,28,31,30,31,31,30,30,19,4,0,0,0,0,0,0,0,0,0,0,0,1,49,69,102,140,171,221,231,222,158,104,62,39,41,66,83,118,143,218,217,201,140,72,46,21,46,36,44,47,54,43,47,45,47,50,48,48
2077,Deep Well,Sevilleta,34.335,-106.632004,1669,13.6,16.3,18.9,26.3,30.8,33,35.6,34.1,24.2,23,20.1,13.1,-5,-2,2.5,6.6,12.4,16.4,19.7,18.7,14.3,7.2,2.9,-3.3,4.3,7.1,10.7,16.4,21.6,24.7,27.7,26.4,19.3,15.1,11.5,4.9,6,9,33,6,26,22,47,58,122,30,2,21,10.1,13.4,18.2,23.5,26.3,28.1,25.4,22.8,19.3,15.8,11.2,9.5,24,10,3,0,0,0,0,0,0,0,1,19,33,75,179,342,512,590,701,663,427,315,197,42,428,300,230,77,15,3,0,1,34,110,198,403,0,0,1,23,126,204,300,262,71,12,1,0,5,8,22,29,31,30,31,31,30,30,22,7,0,0,0,0,0,0,0,0,0,0,0,1,50,64,97,149,190,195,207,182,101,93,65,44,44,55,64,143,164,174,160,124,0,63,62,23,41,44,50,44,49,54,57,57,70,53,48,47
2078,Deep Well,Sevilleta,34.335,-106.632004,1669,11.8,13.7,18.5,25.7,31.7,37.6,37,34.5,31,27.4,20.8,9.1,-4.1,-2.2,2.6,5.9,12.9,16.6,20.6,18,16.3,9.7,2.1,-4.1,3.9,5.7,10.6,15.8,22.3,27.1,28.8,26.2,23.6,18.6,11.5,2.5,7,27,21,16,22,9,52,51,45,41,9,56,10,13.4,18.3,23.3,26.4,28.3,25.4,22.8,19.8,15.8,11.3,9.3,26,14,3,0,0,0,0,0,0,0,1,35,29,48,177,325,533,661,736,657,558,419,195,18,441,339,232,89,12,1,0,1,8,43,200,477,0,0,1,18,142,272,335,256,171,51,1,0,6,8,23,28,31,30,31,31,30,31,20,5,0,1,0,0,0,0,0,0,0,0,0,5,45,56,95,147,195,232,216,187,137,108,67,35,38,29,74,131,173,223,164,136,92,67,58,0,48,49,51,44,48,45,56,55,58,50,45,54
2079,Deep Well,Sevilleta,34.335,-106.632004,1669,10.6,11.7,19,27.1,34.5,39.2,36.6,36.4,32.2,27.2,16.4,12.3,-3.7,-2.6,1.4,3.4,9.9,13.4,19.6,17.7,13.7,11.3,2.1,-4.1,3.5,4.6,10.2,15.2,22.2,26.3,28.1,27.1,23,19.2,9.3,4.1,12,20,8,3,9,2,40,35,35,28,20,9,9.9,13.3,18.3,23.6,26.7,28.4,25.4,22.9,19.9,15.7,11.2,9.5,29,20,4,0,0,0,0,0,0,0,3,23,25,32,165,308,530,638,713,682,538,440,134,32,453,372,244,103,12,2,0,1,10,35,263,429,0,0,0,13,140,250,312,281,156,64,0,0,7,7,19,24,31,30,31,31,30,31,20,5,1,1,0,0,0,0,0,0,0,0,0,0,42,51,99,158,223,253,216,204,151,105,54,42,30,30,91,155,214,251,176,169,116,77,35,34,52,53,47,36,37,36,54,50,49,54,55,46
2080,Deep Well,Sevilleta,34.335,-106.632004,1669,11.7,15.7,21,27.6,32,37.8,37.3,34.1,34.5,26.6,18.2,12.4,-4.8,-1.8,0.2,6.2,11.9,18.2,17.1,17.3,13.7,8.3,0.2,-5.3,3.4,7,10.6,16.9,21.9,28,27.2,25.7,24.1,17.4,9.2,3.6,15,18,4,14,12,16,27,45,19,19,4,11,9.9,13.5,18.5,23.4,26.6,28.1,25.6,22.9,19.8,15.9,11.2,9.5,30,10,3,0,0,0,0,0,0,0,3,27,24,71,177,356,522,690,687,641,571,385,133,27,455,305,232,68,14,1,0,1,7,61,265,445,0,0,1,28,134,300,286,240,185,33,0,0,5,9,16,28,31,30,31,31,30,30,15,4,1,0,0,0,0,0,0,0,0,0,0,1,45,62,108,157,200,229,231,187,165,107,61,43,30,44,104,144,188,213,204,142,146,87,57,32,46,46,40,41,45,48,47,54,44,48,46,43
2081,Deep Well,Sevilleta,34.335,-106.632004,1669,11.3,15.9,18.5,23.6,28.4,36.5,32.3,32.2,33.7,28.7,20.1,13,-4.7,-3.2,-1.3,7.5,8.6,14.2,17.6,16.3,13.8,6.9,-1.4,-7.6,3.3,6.3,8.6,15.6,18.5,25.3,25,24.3,23.7,17.8,9.4,2.7,16,6,14,27,9,7,67,82,14,3,4,8,10,13.5,18.4,23.2,26.5,28.2,25.3,22.7,19.9,15.9,11.3,9.6,30,12,6,0,0,0,0,0,0,0,3,33,23,58,119,317,418,609,618,596,560,396,137,20,458,323,292,95,42,2,1,2,8,54,260,471,0,0,0,16,52,222,217,196,173,38,0,0,5,6,11,29,30,30,31,31,30,29,11,2,1,0,0,0,0,0,0,0,0,0,0,1,44,63,99,131,182,230,187,176,160,118,67,45,28,58,85,104,173,223,120,94,146,115,63,36,47,41,41,53,45,42,59,56,46,40,38,35
2082,Deep Well,Sevilleta,34.335,-106.632004,1669,13.1,14.7,15.1,24.5,34.9,33.8,33.2,31.4,27.6,24.7,21.4,12.6,-6.2,-2.9,-0.5,4.1,7,12,18.6,17.7,15.6,9.4,2.3,-1.9,3.4,5.9,7.3,14.3,21,22.9,25.9,24.5,21.6,17,11.9,5.4,6,20,28,6,0,15,66,85,69,30,12,14,10,13.4,18.3,23.5,26.8,28.2,25.3,22.7,19.6,15.8,11.2,9.5,30,14,9,0,0,0,0,0,0,0,1,17,24,51,83,280,492,535,646,604,497,373,206,49,455,334,335,127,19,7,1,2,16,67,190,389,0,0,0,8,109,151,246,203,123,28,2,0,3,7,13,25,30,30,31,31,30,31,21,10,0,1,0,0,0,0,0,0,0,0,0,0,49,60,83,142,230,214,191,164,118,97,69,42,43,39,55,136,230,199,125,79,49,66,57,28,39,45,51,42,30,42,59,61,65,55,44,53
2083,Deep Well,Sevilleta,34.335,-106.632004,1669,14.8,17.6,21.8,29.3,36.7,36.5,31.3,34.8,29.8,27.2,19.5,12.3,-2.1,-2.6,0.4,7,12.5,16.1,19.3,18.3,16,9.1,0.5,-4.7,6.4,7.5,11.1,18.2,24.6,26.3,25.3,26.5,22.9,18.2,10,3.8,14,6,3,6,6,11,161,39,60,17,9,10,10,13.4,18.4,23.4,26.5,28.2,25.1,22.9,19.7,15.9,11.3,9.6,14,9,3,0,0,0,0,0,0,0,2,25,65,83,193,394,601,638,628,666,536,408,156,29,364,290,215,47,5,2,1,1,10,48,240,438,0,0,1,47,207,250,227,265,154,44,0,0,10,7,16,29,31,30,31,31,30,31,16,5,0,0,0,0,0,0,0,0,0,0,0,1,52,68,112,167,234,224,171,189,131,108,64,43,38,63,109,161,227,213,10,150,70,91,55,33,47,39,39,39,38,46,66,55,60,49,44,45
2084,Deep Well,Sevilleta,34.335,-106.632004,1669,15.3,13.5,18.2,22,33.3,39.1,38.5,35.8,32.1,22.8,19.2,13.1,-3.8,-2.6,1.5,5.8,8.2,17.2,20.6,19.2,12.2,7.9,1.8,-3.5,5.7,5.4,9.8,13.9,20.7,28.1,29.5,27.5,22.1,15.3,10.5,4.8,8,19,22,25,1,7,36,45,43,38,11,15,10.1,13.4,18.3,23.2,26.8,28.2,25.4,22.8,19.8,15.8,11.2,9.5,16,16,4,0,0,0,0,0,0,0,2,19,54,44,154,269,485,693,758,697,513,321,169,41,383,347,255,137,21,1,0,0,13,104,226,407,0,0,0,7,103,303,357,296,137,14,1,0,6,7,19,28,30,30,31,31,30,30,20,6,0,1,0,0,0,0,0,0,0,0,0,1,54,56,95,125,217,243,228,194,154,91,63,44,46,37,73,100,216,236,192,149,111,52,51,29,41,48,49,52,35,43,53,55,46,55,48,46
2085,Deep Well,Sevilleta,34.335,-106.632004,1669,12,12.3,15.9,26,29.3,31.7,36.2,35.5,29,27.8,18,13.6,-4.8,-3.7,-1.6,5.2,12.7,16.4,20,18.2,14.3,6.6,1,-5,3.6,4.3,7.2,15.6,21,24,28.1,26.8,21.6,17.2,9.5,4.3,10,10,22,4,37,19,55,47,59,2,20,2,10,13.5,18.2,23.5,26.3,28.1,25.5,22.9,19.6,16,11.1,9.7,28,21,9,0,0,0,0,0,0,0,3,22,26,29,81,318,494,571,713,675,498,378,141,34,448,380,338,95,19,4,0,1,16,65,256,423,0,0,0,16,110,185,312,274,125,30,0,0,5,5,10,27,31,30,31,31,30,29,17,4,1,1,0,0,0,0,0,0,0,0,0,0,46,53,88,149,177,185,211,195,131,114,60,46,36,43,66,145,140,166,156,148,71,112,39,43,45,48,46,42,53,57,56,53,58,41,48,41
2086,Deep Well,Sevilleta,34.335,-106.632004,1669,11.8,12.7,15.3,24.4,30,34.4,37.1,32,33,27.9,19.8,17.1,-4.7,-1.8,0.7,6,11.3,17.4,19.1,17,13.4,7.2,-1.9,-7.6,3.5,5.4,8,15.2,20.6,25.9,28.1,24.5,23.2,17.5,8.9,4.7,10,35,54,14,16,20,58,36,21,7,4,1,10,13.2,18.1,23.4,26.3,28.2,25.3,22.8,19.9,15.9,11.3,9.7,29,16,7,0,0,0,0,0,0,0,3,20,25,44,101,307,482,625,714,604,544,388,126,40,451,347,312,104,21,2,0,2,10,58,273,408,0,0,0,13,101,238,313,203,161,34,0,0,5,9,17,28,31,30,31,31,30,30,10,2,1,1,0,0,0,0,0,0,0,0,0,0,45,53,83,139,186,203,223,172,157,114,66,54,35,19,29,125,171,183,164,136,136,107,62,53,46,53,54,47,48,54,52,58,47,43,37,28
2087,Deep Well,Sevilleta,34.335,-106.632004,1669,15.8,16.2,17.1,27.2,31.6,37.5,33,32.8,29.6,28.3,19.5,12.6,-8.6,-4.6,-1.1,3,11.3,14.5,19.8,18.2,14.1,6.2,1,-5.8,3.6,5.8,8,15.1,21.5,26,26.4,25.5,21.9,17.2,10.2,3.4,2,20,6,2,29,1,109,77,42,2,13,4,10.1,13.4,18.4,23.7,26.4,28.3,25.3,22.8,19.8,16,11.2,9.6,28,14,7,0,0,0,0,0,0,0,2,28,26,49,101,304,507,629,661,635,505,379,161,25,448,338,313,106,16,2,1,1,15,64,234,449,0,0,0,13,121,241,260,235,130,30,0,0,2,4,11,23,31,30,31,31,30,29,17,3,0,1,0,0,0,0,0,0,0,0,0,0,55,65,92,159,199,237,183,174,135,117,64,44,53,45,86,157,170,235,74,97,93,115,51,39,28,37,44,35,45,41,63,59,56,39,45,41
2088,Deep Well,Sevilleta,34.335,-106.632004,1669,10.4,16.6,23,25.4,31,38.5,33.5,34,33.9,27.5,19.1,8.9,-6.5,-1.6,1.8,4.4,12.7,14.5,19.5,17.5,14.6,7.8,0.2,-5.1,2,7.5,12.4,14.9,21.9,26.5,26.5,25.7,24.3,17.7,9.7,1.9,18,5,10,4,32,3,94,41,19,12,11,26,10,13.5,18.4,23.6,26.4,28.4,25.2,22.9,19.9,15.8,11.3,9.5,43,9,2,0,0,0,0,0,0,0,3,41,14,84,232,299,519,643,665,641,576,392,145,14,500,289,182,111,14,1,1,1,7,56,251,497,0,0,2,11,131,255,264,241,190,36,0,0,3,10,20,26,31,30,31,31,30,30,15,4,2,0,0,0,0,0,0,0,0,0,0,3,42,65,117,147,191,244,189,186,159,112,63,35,25,60,107,143,158,242,95,145,141,100,53,9,43,44,40,41,49,39,61,55,48,45,44,51
2089,Deep Well,Sevilleta,34.335,-106.632004,1669,12.2,12.8,18.9,26.9,31.7,34.9,36.7,34.5,31.9,25.7,18.8,10.8,-4.4,-3,-0.1,5,10.3,15.1,20,18.2,15.1,9.5,-0.2,-4.2,3.9,4.9,9.4,15.9,21,25,28.3,26.4,23.5,17.6,9.3,3.3,6,25,6,9,22,13,47,59,22,28,4,29,10,13.4,18.5,23.5,26.4,28.2,25.5,22.8,19.7,15.8,11.3,9.5,26,18,5,0,0,0,0,0,0,0,3,29,29,36,141,329,493,600,721,660,554,389,135,24,441,363,269,87,19,3,0,1,8,58,263,454,0,0,0,19,110,213,320,260,168,35,0,0,5,6,14,27,31,30,31,31,30,31,14,5,0,1,0,0,0,0,0,0,0,0,0,2,46,54,100,155,202,215,216,187,146,101,63,39,40,29,94,146,180,202,169,128,124,73,58,10,46,49,43,40,42,47,55,56,53,53,43,50
2090,Deep Well,Sevilleta,34.335,-106.632004,1669,12.2,14.3,18.2,26.2,35,34.7,35.2,32.7,30.6,28.9,20.9,14.6,-4.3,-5.4,0.2,2.9,9.2,15.9,20,16.8,14.5,7.4,-1.1,-6.6,3.9,4.5,9.2,14.6,22.1,25.3,27.6,24.7,22.6,18.2,9.9,4,8,2,12,3,5,24,97,58,33,8,3,15,10.1,13.5,18.4,23.5,26.7,28,25.4,22.7,19.8,15.9,11.3,9.6,26,20,5,0,0,0,0,0,0,0,2,24,29,31,136,288,526,609,698,611,525,407,152,31,439,375,274,120,13,2,0,2,12,49,244,431,0,0,0,10,137,222,297,210,146,44,0,0,6,3,16,23,31,30,31,31,30,30,12,3,0,0,0,0,0,0,0,0,0,0,0,1,46,59,96,153,228,211,202,178,140,118,69,48,38,58,84,150,223,187,105,120,107,110,66,33,46,38,46,36,34,49,58,56,55,41,37,35
2091,Deep Well,Sevilleta,34.335,-106.632004,1669,12.1,15.3,20.9,27.2,33.4,37.4,38,34.4,34.6,29.9,20.2,12.6,-5.6,-2.6,0,6.9,10.8,14.6,19.4,17.8,15.3,8.4,1.8,-5.5,3.3,6.4,10.5,17.1,22.1,26,28.7,26.1,24.9,19.2,11,3.6,7,15,8,12,10,3,34,41,22,9,7,11,10.1,13.5,18.5,23.4,26.6,28.3,25.4,22.8,19.9,15.9,11.2,9.6,31,12,3,0,0,0,0,0,0,0,2,27,23,59,173,362,527,630,732,653,596,437,184,27,459,322,236,65,13,2,0,1,5,36,210,445,0,0,1,31,138,242,331,252,210,62,1,0,4,7,15,29,31,30,31,31,30,30,20,4,1,0,0,0,0,0,0,0,0,0,0,1,46,61,109,154,213,236,229,188,162,121,66,44,39,46,101,142,203,233,195,147,140,112,58,33,42,44,39,43,40,41,51,54,48,42,45,42
2092,Deep Well,Sevilleta,34.335,-106.632004,1669,9.1,15.6,19.2,29.9,34.9,38.5,36.4,31.9,29.3,24.9,17.5,14.2,-7.3,-3.1,0,4.6,10.9,14.6,20.1,17.4,13.8,9.9,1.4,-6.5,0.9,6.2,9.6,17.3,22.9,26.6,28.2,24.7,21.5,17.4,9.4,3.8,12,10,8,3,7,3,62,118,38,26,16,6,10,13.4,18.4,23.6,26.5,28.3,25.3,22.7,19.8,15.7,11.2,9.7,56,13,4,0,0,0,0,0,0,0,3,25,10,57,146,367,551,646,718,608,495,383,139,29,533,325,263,61,10,1,0,2,16,61,258,436,0,0,0,33,156,257,317,208,122,32,0,0,2,6,15,26,31,30,31,31,30,31,18,3,2,0,0,0,0,0,0,0,0,0,0,0,39,62,101,173,224,245,212,170,134,97,58,47,28,52,92,169,217,242,150,52,95,71,42,41,44,42,43,34,38,39,56,59,56,56,50,35
2093,Deep Well,Sevilleta,34.335,-106.632004,1669,8.9,15.9,20.4,28.5,29.5,39.9,38.5,34.7,31.1,27.5,20.2,13,-5.2,-2.2,2.2,4.3,11.4,14,19.7,19.1,14.2,7,1.4,-4.2,1.9,6.9,11.3,16.4,20.5,27,29.1,26.9,22.7,17.3,10.8,4.4,15,11,16,1,35,0,18,75,34,8,9,17,10,13.5,18.4,23.5,26.4,28.4,25.4,22.8,19.7,16,11.2,9.6,44,11,3,0,0,0,0,0,0,0,2,22,14,69,197,343,477,658,744,676,528,380,178,35,502,308,211,77,22,1,0,1,11,63,217,419,0,0,1,23,96,269,343,275,149,31,1,0,4,8,21,26,31,30,31,31,30,29,18,5,2,0,0,0,0,0,0,0,0,0,0,1,38,63,104,165,183,257,232,185,144,112,66,44,24,52,88,164,148,256,214,110,109,104,57,27,51,44,46,35,49,36,50,57,53,43,44,44
2094,Deep Well,Sevilleta,34.335,-106.632004,1669,13.1,16.6,21.1,25.6,29.3,36.3,36.6,38.2,29.5,26.6,16.2,11.5,-2.3,-1.4,-0.1,4.8,11.4,15.8,18.7,15.1,14.7,10.2,-0.1,-4.9,5.4,7.6,10.5,15.2,20.4,26.1,27.6,26.6,22.1,18.4,8,3.3,22,11,3,10,33,8,46,1,46,25,11,18,9.9,13.5,18.5,23.3,26.2,28.2,25.4,23,19.7,15.7,11.2,9.6,18,9,3,0,0,0,0,0,0,0,5,29,48,85,173,308,474,631,700,669,512,413,102,24,393,287,236,103,23,2,0,1,14,46,300,454,0,0,1,13,93,243,299,269,136,47,0,0,9,10,14,27,31,30,31,31,30,31,14,4,1,0,0,0,0,0,0,0,0,0,0,1,47,65,109,148,181,224,220,224,132,104,55,41,26,54,106,137,148,216,174,223,86,78,44,23,50,45,39,42,50,46,52,41,58,53,50,46
2095,Deep Well,Sevilleta,34.335,-106.632004,1669,12.8,13.7,17,24.6,26.7,36.9,38.1,34.7,29.3,28.1,20.8,15.6,-4.5,-2.5,0.1,4.4,10.5,13.9,19.8,18.3,14.3,7.4,2.5,-6.3,4.1,5.6,8.5,14.5,18.6,25.4,28.9,26.5,21.8,17.8,11.6,4.6,12,24,15,11,34,2,27,142,23,11,8,5,10,13.4,18.3,23.4,26.2,28.2,25.4,22.7,19.9,15.9,11.2,9.7,25,15,6,0,0,0,0,0,0,0,1,20,31,46,116,286,421,611,739,665,502,395,200,39,432,344,295,122,41,2,0,1,15,55,196,412,0,0,0,9,54,224,338,265,128,37,1,0,5,7,15,26,31,30,31,31,30,30,21,3,1,1,0,0,0,0,0,0,0,0,0,0,47,56,91,142,164,234,228,188,132,114,67,50,36,33,76,131,131,232,201,47,109,103,59,45,44,48,48,43,53,40,52,55,57,43,46,34
2096,Deep Well,Sevilleta,34.335,-106.632004,1669,12.9,14.8,20.2,25.9,32.5,37.2,36.1,36.9,33,28.9,17.2,10.2,-6.2,-4.5,1.9,5.1,11.7,15.1,19.2,17.2,12.2,6.5,0.4,-5.8,3.3,5.1,11,15.5,22.1,26.1,27.6,27.1,22.6,17.7,8.8,2.2,6,10,12,14,18,3,30,16,11,2,26,6,10.1,13.5,18.3,23.3,26.4,28.3,25.4,22.9,19.9,15.9,11.2,9.6,30,17,3,0,0,0,0,0,0,0,4,38,24,39,190,315,527,633,700,682,527,394,121,16,457,356,217,97,13,2,0,1,12,56,277,487,0,0,1,15,138,245,299,281,147,37,0,0,3,4,21,27,31,30,31,31,30,29,16,3,0,0,0,0,0,0,0,0,0,0,0,1,48,60,104,149,204,233,213,209,159,119,58,38,42,50,91,135,186,230,183,193,148,117,32,32,39,40,45,41,44,43,54,48,44,39,48,46
2097,Deep Well,Sevilleta,34.335,-106.632004,1669,11.8,16.9,19.3,25.4,32.3,30.2,36.7,32.2,28.4,27.1,20,12.8,-6.8,-1.5,2.1,6.8,11.3,13.5,17.4,18.7,14.4,8.5,-0.7,-4.4,2.5,7.7,10.7,16.1,21.8,21.8,27.1,25.5,21.4,17.8,9.7,4.2,6,14,10,17,15,40,35,115,59,15,11,10,10.1,13.4,18.3,23.3,26.6,27.8,25.5,22.8,19.6,15.8,11.2,9.6,37,8,3,0,0,0,0,0,0,0,3,23,18,88,181,333,518,504,682,633,491,396,146,33,482,284,227,84,14,10,0,1,17,54,250,425,0,0,1,20,131,121,281,232,118,38,0,0,3,10,21,29,31,30,31,31,30,30,13,5,1,0,0,0,0,0,0,0,0,0,0,0,46,66,99,143,204,183,225,167,127,109,66,44,40,52,89,127,189,143,190,53,68,94,56,33,40,44,48,47,43,53,49,62,59,47,40,44
2098,Deep Well,Sevilleta,34.335,-106.632004,1669,12.8,12,17.1,25.1,32,36.3,36.6,35.6,30.7,32.7,21,14.1,-5.9,-4.1,-0.9,4.4,8.7,14.6,19.4,18.8,14.1,8.7,-0.5,-4.8,3.5,3.9,8.1,14.8,20.4,25.5,28,27.2,22.4,20.7,10.2,4.6,8,13,15,5,7,11,62,51,31,3,2,20,10.1,13.4,18.4,23.5,26.7,28.2,25.4,22.9,19.8,15.9,11.3,9.5,29,23,7,0,0,0,0,0,0,0,2,20,25,26,104,294,474,614,711,686,520,484,161,39,453,389,309,114,23,2,0,1,12,22,234,411,0,0,0,11,94,227,310,285,142,99,0,0,4,5,12,26,30,30,31,31,30,30,13,4,1,1,0,0,0,0,0,0,0,0,0,1,48,52,92,145,207,227,217,193,141,134,69,47,40,39,78,141,200,217,156,143,111,130,67,27,40,47,45,42,38,43,53,54,53,37,38,40
2099,Deep Well,Sevilleta,34.335,-106.632004,1669,13.2,15.1,19.2,26.1,31,37.4,39.7,38.6,34.7,27.7,19.2,14.1,-4.1,-1.4,2.3,8.9,12.9,13.1,19.9,18.1,14.9,7.5,1.5,-5,4.5,6.9,10.8,17.5,21.9,25.2,29.8,28.4,24.8,17.6,10.3,4.5,10,14,18,21,27,2,13,10,16,5,11,8,10,13.3,18.2,23.2,26.3,28.4,25.5,22.9,19.9,15.8,11.1,9.6,22,11,3,0,0,0,0,0,0,0,2,21,36,69,182,375,521,605,766,722,592,390,164,37,420,307,227,57,14,3,0,0,5,58,231,415,0,0,1,37,133,219,365,322,206,35,0,0,6,10,22,30,31,30,31,31,30,30,19,4,0,0,0,0,0,0,0,0,0,0,0,0,48,60,98,144,190,239,242,219,164,112,63,47,39,46,80,123,163,237,229,209,148,108,52,39,44,48,49,50,50,38,48,47,47,44,47,40
2100,Deep Well,Sevilleta,34.335,-106.632004,1669,12.8,11.1,17.1,30.2,35.1,38.9,38.4,33.8,32.8,26.9,20,17,-3.8,-2.9,-0.3,5.1,10.1,17.8,20.7,18.6,13.3,8.6,2.8,-3.8,4.5,4.1,8.4,17.6,22.6,28.3,29.5,26.2,23,17.8,11.4,6.6,14,30,8,1,4,10,38,72,32,14,20,5,9.9,13.3,18.4,23.5,26.7,28.2,25.5,22.8,20,15.8,11.2,9.7,22,22,6,0,0,0,0,0,0,0,1,12,35,27,112,378,540,699,758,656,540,396,195,72,422,385,299,55,11,1,0,1,10,54,201,351,0,0,0,39,148,309,357,256,158,38,1,0,6,7,14,27,31,30,31,31,30,30,22,6,1,2,0,0,0,0,0,0,0,0,0,0,47,49,92,174,227,239,227,180,156,108,64,53,34,20,84,173,222,229,189,108,124,94,44,48,46,53,47,34,36,45,53,58,47,48,48,37
